262b6bdf80dd616de599361c5bc2d1a3547a736969ccf6d9f2ff5b94a609c0e2,1
f2b267714e6ca8deda94524fd9863588a5032f98d953ca4cbe117cb589912f60,-1
a75a432430ad971278f8254c41ad8d9c8ab37bd95c6a177f18c66fbf43a4d274,-1
60286f7a1ce0fead11ecfa72745cd3ce5f6826891b9a1027de7d72b5f9ae9b14,-1
a331a536c6b51761f4ae948de2a6a69cb17ae8b9201db0c57658f8faea1fdf0e,-1
258d2d6d332662555ca0ba8f0aa4f762f21efecea74131c468541f9d783e0e89,-1
ad63f305146699744e43d32f70fdd9805c1cde6a76db10ac7963737e704adb49,-1
60c4dc2f64ed8e7669c57e57180b69ff2dab6c146fd83e72d753e8000b17800f,-1
230f2e9c37e7fb03f6842cdb99e31120db93ce278a156931e20dc2ebd83771d1,1
bda272b73e9cce44e38cb050658c390b816b8bd424aa9bb881e7463bdac94cb3,1
7ec034238e0b9954981cc39f51f0dab20d0a427e5e0e21b2288caf414fcdb804,1
a54714131864dc9587ff0a2423c6df7e1e1bcd25bcf18239e45e3ddd81ae6a7c,-1
e595dca621b6e6948a2638220ae2f3086e1472f44e0958bc7b2868db672f8652,1
12a19f56c9d4a0318ed7bb95958b6dd44694127dab59e64700103133b8218f29,1
f5efca3a50189a5231889961f9f5c3056cb8fb84a22c70eb0247afb66ce82289,1
35dbdf822abfd26e207410d06b157f140aa9453664e481b55aaecdc34dd9a0b1,1
0f6bd8dd5cb41d410baf10a9cb187fe40fd1ca3a34bef264b6d35d96d4ecc7d6,-1
573637beec2fc31bebf99c76f6baf26a82a3424eab93f085a58bda875a01ff1b,-1
6f7a0d6f210d53c2b0ac0602f87266167138e9d8cc0e924843c93e6e2cb1e772,-1
3acb3311906ce025b750841a6747279d27dfe0eb2a53ced9835d86588707f3c4,1
a114e295434617bb3c52ef497a1fa1e4cc924ca3c508638c278029c3c047725d,1
9882798060369e791ae5860adb6d7a84e11e6808f759408fc016ea519fc529a3,1
d5cd5c7f83c80b593eb066aa17a85374d6eabf3eb68665c252694a15ed11ecd5,1
d82cdf1afd1fbcbb4f36196024eb190012c40c277733a383e1f90a2cd67f9ff0,-1
f3fa730ce398e6ff020dee19ad7c1bf4efbd6526d448f222b921866a2b5ebc0d,-1
e37851a7699c9511d4ef51e4a448964628fbc8f6413c396de65fbfd46ef01626,-1
1aa71736a3b2f2489fa681a377e2a4c8a85b3e47a776c30e121751bd79376af2,-1
3cb82e7edf8b17049e6b61a1234613b878310dce6cfc7479adb7c285819fd727,-1
02af6fc1a498dedd889e6fc9df582000bc33ccb496b1479780d047ad26cc11df,1
900a3ef3977ed9d6b5a93062f7739afdb16907ff06902b4453425aaa8fdf9605,-1
aaa9f0d1ec004efc4b193661d10e4e98c8367ec4a3b3942a75aedd82c73e1ba6,-1
ec3cef093255a506ee2854cfff25a29e7ff8482c68e56ca2289b678557b2554a,-1
9502c8093627738578a5175d4251e57b436640af7cc7c6d15e9000fa2319f55d,-1
952e40f1762b9e066d0afff187316afdac8d6a61598cf9832fcc08c193308fd1,-1
5f2e392580b4fd9b998d35cc9670240e2e0f669694b3774e058084a1f7db9bf5,1
141533d077469a293fce96c5fd18b05587a93c8b41195f812d43f75f5bb1303b,-1
933ab2224bcfe1364d58c106de50d1e9a99ab9fc42cfb1120273ee2d159b8f6e,-1
2e124f0e12e3f130ce5f0c636cdcfda4e6452a5897faae1f91e28c7b4d7af02a,-1
ce38700bc51608fa3a8f6f44d252f989ba013a5136c2078a6a6b0d5f2a60a246,1
61ad132ccd3dd852377799268a0a3a5fe2c5d5d97dd979c3258c10d3de287661,-1
87f620cc7beebf3b736b12954c5cbefbb9365a80fb360eaa6f8235c0c5186463,-1
c051f784e1c9d1772d6322a4628ef530c9fc17cdefa2ed5c3bde694e4050a96c,-1
8aa91df350cb4d785a12621ab1b362923b5902adbb3659972813517b093bb644,-1
8b972d1e247eb442a01871d1d1f75d96a05e4b4619d0d0c296b9fde1ffa80040,-1
29036d1a45e7570c1b835defda2fb2b74d19ee4f1746e4f810d008dc4b373994,-1
3553cfddab7e3bd3dde614fbe42e2f9de052f71b413588186f887dd39580dd11,1
26343da2736a16561dc2bce4c1bb1163448793c555974387535423c33f7d4e26,-1
36fcfcebcb78d9c5621f6034e51fd827594650cbaaeadbae12dea13828f67100,-1
7e9afd4393db0bdec29f2426220f059554724bc4015e22a723ef65141c10836f,1
17615c7aaab99becbdb1db79b496b38991004cd1f499947be41b388d137fbccb,-1
4d3d5ad0982e0fd0efd655415c0f311b29fa70e2e5e25623b017d698b7be8ec5,-1
e01b76eef7415d536d069a2af3879f1f6b4705e75a2edcd4b36604ea6b7c9965,-1
8c58a05f2ca541b870634ed9884f993b71b56be26494a5c77f55f954579597cc,1
ea8eecf5a07713d9c47a2c6074e29b13962bb749a7c273ae3284cfae30a4b08d,-1
e978f240d12058e5207bc9e6a281bd71c77f746211fe9d121f457f3bbc7796e8,-1
649bc1b3d576659c3740f36b4d57c2635badddd6efe9e9a3a877323c1ea1d98b,-1
87f947c319fe0c86c2d3769b5a1da51c0c911d47fe6ae38f0cd7664983bc5833,-1
0d644b7f8d263ecfe70467ed86e63db0a83e1c761f9597bc0d851a34255ef7e4,-1
71ceb8141aa64f4ca99b8f694e40683677beb27e48e3ae87c180300e9bd0a7bb,1
c8619a64d094700ec8aafd5dc90ac0e4c8fd70ca0d95c072c9d97a124d113651,-1
01732f3b265d01df1c04fbd08457730384ee5a05b3c3a76cb243811807b98c0d,-1
ec938d8f2b36cd2c8d44b27f4ca1ef192cd272090058466394a91e23bd1c3fd0,-1
ecada97f9a914c0b3b6cdc5e04b78ee04adf1923935a234f38020071c3d3813b,-1
ba0c62c7083713ec9beeca72bb044449d0698527ce798baf86b5d55700a5792c,-1
d763d8eeb5171abb73b95c225adccc59fe7cd0d52ae034d333456995cd1b1906,-1
6eaf37b7ebfcc97604509edf9039a25e6b4fea039925a19665bcf5465263dde1,-1
265034a8b7b6134d0cebe7912402209024cbb0bd1926e4edc17e0039bbf1abc0,-1
c1c594ec3baad5a2142cdf62f09ac3033e8d4b705e7e76605ec09b143dabd6cc,1
1d51c77241d93b536868450759396397015dca29637eacf6935ec09ac75efb43,1
7526c785d2e0c40ec5e96cfb635502e7e522e5abd42c651e4727fb84812bc8ab,-1
e537395c605f81f8e976280abce02cea6b0eb01c9dad74ee18bf274047a5c0d9,-1
53ac6735e4fa7900d3fdd65d559c7f75c37dd80f10782f293f708e24d1115af9,-1
046da3d30ef0dd084f508d7c7f3d467b8030ccef233f22bd10d5b67a65786434,-1
353dbcb1830ad5e0e3a63902e3366f2ee5940e415fb3079131356e5fecfce49b,-1
402489b656ee5ec5f5ff970a2f2fa77215c4c9dbb605f818614ae00c1cb6a330,-1
e046c9ae187879c5fb047f557966ab6e89de1968adec5384702f9df921b48e5e,-1
0f2c0cd36b72915ac57ef04afcabeeb2ae27aa9be0d9d047533a28b1210237f1,-1
390f534ec2a79c5d6d789215a68c9428c11031d7b968398634d1d298e35248c4,-1
78f8694c70ba68ce6e06a37edfef473d8420721a7aaca7522c8df7014df9c274,-1
da7b5e8952a9fdb99e65c78f24625a61ce610c9837ffeef834d48c402a3b124c,-1
3fb734b1b321d90cebee242070fa66aa7de503f6bb6ddf469d5cb7df2a86b51a,-1
9f8ba6c1237844ced5fb9ba7b253f10d623952137163cdc03f5af3480c451a18,-1
c1c05fa865b7daae40b168e10ee12158b749279a1e66a72c09d9bd825b8f06aa,-1
57501c6a0e2f6b37982cc5c22766023dc2c692dbc1d0a9abcea56d446f87c8d3,-1
4e125d4a8ad6e5a679bbc9c5fbdd153067bd66189d38ce249a58f0495c98e524,-1
86b7066ae509d4866548cdb81ea3b6912bdf7678e43752452fa7d187f4fa0b96,-1
7f6d42e2d35c157909696edeb090811c4f4c2db4597f8775b537fa37f591a02d,-1
266727da14b2d4d13dedd09507ff3c79445d74ca1a4e8803fb79c3d6fe3e7898,1
7a0452bfe783d7f6d6dcd4e36a116cbec073e1ef34ab41df47d481dce979523f,1
75dbe649d2d7a74987afc6bdcedde1e62304bc190be9e9f27101772937848c84,-1
464d9846fc33eceabac75787476aceade152c8974342dd2b71e98956e200c87b,1
9cc64d2a75d1163bd8d9311b0549b45ea275375bfd5231919df0bf2d141c7870,1
a84dd6d8cf23fd97e630d908c842e6b3f211020985da423299e4e736d32eec7c,1
2bf806c778846184b1c0ceb8db003f9d1770c38813b544f52ce40e242d5a0d1b,-1
6bd2150f48364a74462fa5a85780ee6ddf1a107e8920ce3995cc30bb40743900,-1
39993820a340925455206bd93beda68d61f61387794e071814d9956021e7a822,-1
6782ebd4e020e8f5eeb896c572af733f49684ab75d4d21f1e5c79d99eff2ba5c,1
97a0c0ef06e30a186616f13556c5e3461a25349f8ac82a78cb65652c7bf77d0f,-1
3f5bbe3a10a5290a18f144a375df5b9e6cedec1cab837595056ce99e165bc22f,-1
d9d75c00115ee08150c922eb9052ab9641c0b0dc4672381937d269ca2eadf14d,-1
348db540ebf523697692e54ad175a425f19a86b5e58530c4f44d561cac4a3e80,1
6dc73ef2c1781bc495496bb12e62e18dfdd5cc96ec78cce19a87c9d0581213be,1
6bb0b5de6d3bfcc3c99b0431bcaf0fb393cba388e1d3d0a2972478db8c717d37,1
027afeb1d27e9652b44bb0bd6391e532f6821eb3293eef2b1a053f8652b65c07,-1
7c0c96bf784ce1deffeb2da7cd8b94e616aa44fecc2d877cd3d8d56265fa9081,-1
b19a549c6bf28af2df4f99006da5e4caee366ad558400d02cdc5f706b6623aef,-1
501787962378f0cbbffe34733902d7f6f11781f7e7681f0a0edcf9f40d58c550,1
c6053504d54308abe6819ab190040ae60f09649e53bce1b3a18bb81780b661d3,-1
8b631fdb5bc75f2f4273cde5eaff1d4227bd0f970099b1a2c1674638f6ee3169,-1
17adeb46367a0c97246d2c1ff9db4b8ac91c433f67857e6e8f17da5310985eb2,-1
2cb5afdfa3bc4918e51ab8b1509745574d0b3fe6c692b2b684ae6d051a4f1dcc,-1
e0408af7a284cc162871aaaf144612882d4b30058535197ac567b58667e7d97c,-1
8aae997734a5cfa30f87d36bb8fb328067efdd21b374cf7fe92c1390fca14b9b,1
cdf4d925fabcbe44e6e877063170b7931c21352315200cf903757a1053bc27d2,1
805f9f1fa72975597d68ca85cca2f3c413e73dec510e1cc8855b83aed5e3d9a5,-1
09bb8efc508b3429267ad481d47606426d80b9fabe7f64e9cce10a764f488caa,-1
20396823d9ecad5a2d744bd6f1d1a0a43b34e43348620b3aadddc655c5df7c11,-1
64bea2568ce5b1a53175bf019f9fe10fec0673f994665054a4b1243eac10671a,-1
df1379f701ed056f2cde1bdb952b3d332cb0cb635d601e17f5bad461a9e10960,1
6bdd4e49513e59fe66d9f43a97464fc154b96ec0c18955e7c349d4801d55cc59,1
8cdf0d0e0bd12920dd78572ceb5ec53db20141b3dcbfaec0a41e55f8120c7107,1
ddb580b76a2b26b5616ee014f9058de888586241a132b9e18d75d4d39492acab,-1
bc9fab15f1c0c645b56a21088f12e88255f776a7b5763beb85f9fe5366e664d9,1
57d89f22646cb35acb7241bfc5bd39e7aff3d20e5e55513fd983a73b916c6224,-1
232d30e5842f18ec2606add48d732319bedf36a753b9493545ec8c5d45115734,1
8a9b79b4ca6941aa0993ad195f24cc7eba0715e5badd4635ffa923e584c78793,1
7b8a855deb898ea65ca72e55d6831d2e949e47106a67b89d93b63657fdd10abb,-1
02af15e5f0573f5f44d9c295d450905749e8356a89116cf1bcec063564373382,1
843531ef27f6ff87d783639d9452679f2df28460b95b0a057cd223bc8484d907,1
86c4a4d218ff0820d091670fa2f34fcca4b08f2cf9fae76769e280f28700252c,1
d1b207f7a6e71fd030277a00ce7b28588952fa96171cf737de6ee7529009b8c6,1
471172c7740008c60bc8765964ccc2cd3388d8451ebfa693d24ba494bc2b05dd,-1
b6f7661c913266b699b86d67bee2a136219c3c64eadf46430d06004cb37ae126,-1
c486024f97aa8ba1510575b83f4b4c550e40c2b5cb7be9c90f6e7ca6f9e88205,1
e8a4ce3c2e5579c512d62b69174cffac30960ec8843d18b08b4f0d2502fda206,-1
4e959c492a78cac984e52055d1b102db2d5ec890b285e0eba01ce5c3d2df055d,1
dbbf05c4533e77233dd49a1dae673b1b1fe7087e5d7748b8b16ba5dabbc3b908,1
e9317b68beee60aef6eb013b216483c51533a2b95a33c4b17a72cfe58119332a,1
9450102170503dc9fef087fb70b04cd7284ce01a229c387fc0c90d3feef3b32a,1
9b43d42d19a99e50073ac4035bfe87408ab0181a0dea67ed6ec689e13fcfaf18,-1
38dd91a167c2ea310c681f2454bf8b013e8beedc011256183defc65d9256fc0e,1
f746a39c66c43dad115cca47c72696a0dfe348dc6e3c6979174d991210008403,-1
d1309435164982d4c76c0017c8f0991cc331f8c30830ca0831f24a77435ba0e2,-1
fd89eda8324c1b93167c2f5767cd9084d93d5f044c0b0087e2aa50a597bf9db6,1
591ec949416da11ff98babb5c6528921579f70451deb2733d6ff58658773a0e6,1
75ce8dc5b68c443271667a6718b115f5771301da42202edf6f90bb4b93c52095,-1
1248054bc1c885b051d94ec75899f3139ea85d717e3f4872ad467dfaa821eab6,1
a788361f3f894f8210a13f691a4fcfefcf2ace527ca76cfc7f4f1de24872c6f3,-1
098034b33bb390b8a760c47b65d2283b3a55764558335ca7345037a66f0150b5,-1
f2e7f02c5200d9b11e31b6448835d50d276a75083f0e43eabefc04cf8351d813,-1
5d2cf03eb1caaba5e5765d7cf734d9b0b3127b0fa5266967377b123ce443b72f,-1
e8ff8c1589921b229bdd66527b2ecc0db48ec3b3cdd6d12df92b71062fbe581e,-1
ab86a82ebbb1efe3658bf4ab9a9208faef22cf73d530f9d93efc5bd76651d5c2,-1
fb67bb9f1dcafa0b525185a954c40fa905590ad97fc0b37bfe9f8f50baae3885,-1
4b8b9850058ca140713dfd43d3daf8e365f1f925130e6de3a199b5fd9272ed79,1
cc2da408acfa33b438c3f410ed7ed6cbce4e7bb22c93f7ef636ffa664e131795,-1
3a2b50c85308491395a52bc81dbc7cd24ac977c9055432daf5012231a6513f62,-1
d67c2ff6d6882fc8cee10d968e72d542dd9d1243540f6cebb909a61a6958c17f,-1
ec73576b49a67e2aa98df0af432fd85c09cef4710bfce59161c09c69f931cbee,-1
39b97e97d3055072060ba9da851666e0e5cdc15da070a73308a5f415e109cf94,-1
5f85829ea7a1fcece739b4fe6eed592470e9da4602d753682f9352d15d650406,1
13f8cd59c8f30f6a38b9582b536eb3ba4b98c8958379aeeb8fd89171c98c7bab,-1
d0f21e20ae128b787cdd37635f57bfb067cb441b7acd045ab501180a1bd136a5,-1
e5d3c7c43a4b6aeeb87519c8a988225eb4cef258c267448ffc832d455b376043,-1
beb9a4a1dfe750b75b73aecc9e726fab1cba5fe7e111c31f19627d884222dc8a,1
4e84c8301677e316da535674ec25463544cc7148eb1a36d51ae736b3e2494c35,1
79c359e878a5a712999733b12f4c43f15832db4f5baa29d252ebedef817b4520,-1
5dd632b09efc36e73b6bba65856bc5a29a8d1b3fa0e77e81882216e92891eb0a,-1
fea2994aad9fabebf472ef66738b7ae9dc1d246d6d2ad32fde346cb6f4785743,-1
80910eef04cc4af9db8bad2a02d00611430f42be1eff794ec827119f7fa28d87,-1
21c94d914e867f8c52c85bd066a754b30dcf0de368141b85d18bd77ca2ce71e6,-1
a391b42a059d2fc37481e22a7da8829414f633d60b5dccc445085923eac3d0d5,-1
257870ea9bef1f352bf622d372ae212483f506dba9eb21569df7b1b18c004446,-1
2fe41b3ebf83ffe62e6fbd403511eaa9471b6bc18cb1a9b96d3bf0835be7344e,-1
a3c94ab180ca9aeb27252956fe917092375779251b92d2c1eb8f0a9fa6843ceb,-1
5f82118bd24a9547efffca9a5c48aecda0aabdec241c1f0a4d1255f70d9d29cd,-1
9e384ace273a1e93457aae45f6fba4de32bd2518a2abf76631b3aaff6e5c6555,-1
684a5544ccb85eb4cbef6a381a7c7db400373bb168b1e6333e78879e56a81fa3,-1
8b1708d6c958b20af82d93ca28f8586f18251f8e9ae251497c7a7803a6a1d6e1,1
fa0cfd21765d4058a04e6621e7292c68b0503051befb613ffe1ef08028036c68,1
10c9735db29099a07d2b03d04ea7b7a32657df502a5571ecfb84f212ac59e086,-1
f619df0197f42479885a69736cc9b5496d1bd5cb9385689ba4d23546c3d1c8d0,-1
5d2dadab3ca055bb8a4bb979499bfd35059057dc7b849375570bfc5e46d2bda7,-1
2a8062099ac13a5bf20d5cd6b564f7a7ddca7f08d70dbd74591d733a90aa2148,-1
7cfa4821dd83d0f0ec8a396738a3e2a7247513667752c85fcd87c35e90afba75,1
8d9b98893953b38e827d6e7fe2188946237e5f1efbebf973c0f9c6a2f8d2f74f,-1
4ba516679714debcd1ce331ce01d34dafcdd107ec6bdac19ff8436040b5c524d,-1
2795c664753c454c836bbed51b3334f05bb79738f16b7b6b1d00598024da6669,-1
0281d174b2663e28d2e663295803c243f3993cc0958326b1c947b30df841d60e,-1
18c9e5d6655101de0abaafd0b465d80a791b3bc45ee4a79356783071db884c84,1
1089d6866d8e937d3b698fad6cb641612b2fdc3f2e93f663f4d167736a873730,1
9b51714b2320d707f668313a3ac6b0f0a45f77bc762d37e597c048a13c7af38b,1
7cdf5e22df11dc17b288b6b4447638abd447e01e75a0e0dd7f63ccbfd8ed1dc7,-1
1bc2a22eec0ae553bbd7749155a90fbf08cb73a707b6895014eb25610663e2b7,-1
f9255cbfbd6b69e69d14932455cf545888ff7357648010c9a720353e57e1b952,-1
bb4774fa16e52c546d6ef3ad066e83aee9a1fedd9f2d174a0e4528ab0aafe11a,-1
6df81532c8d2d47462b4191af7826cc341c1fd96fa29c89c3f6fe997d31f8199,1
8f6857fb2b1972048ede819786d89004cdb2369f33b322bca8bd63d99da69cb5,-1
6632c4c92b735fa47535416f8a65d2e0dd91cee52b8efa15f4fea6addf813b4a,-1
90ad2dc1a2c36dfc21012f872557cf9492f4b2dd14ec74b0b8fa61ac9be8a920,-1
9718623ecdc792769adee2249275e1721682ea5db653e28dd2029bfc4f47ebf4,1
0b805903c7b04b05d10883e6fde7267a909660da41f5ae3103c2cf7e857b78ac,-1
2d1417d4f036167d96ed20b0b6697d88286303bb30576bb62ebf144ab6849c6d,-1
ac3a20a0c9941724db2e24d8998f3ff1272225146d02057dd79da5adf89d29fc,-1
c6373e12bf31d5ed952b7bd7c7e113dcc45be80a16b91a75ff9b2add7cc42c22,1
1bfb34486c3947f1301f8f99a5c99adf3d4f8aecf3edcb94038109c6fcb084b2,-1
4e633b0d3a63adfb134ee13a46a2359de6fe8ad047208a488480ede2db3120f8,-1
2a0f35fe8151940e4c664ca36dfc2bf22bf1ac24b3f3cec17bcd832a09dfc98e,-1
8c82325324c0eebabb1c3ced711315ab0e129cf6b70c7054737f8d3d5be658a0,1
eb4b777fd0e0dc75e23c8103ce3f9e708dcd0ed104685978d4c196cc072f63d7,1
9d469db445546a9dcf3173dc8941aade78b6582769216c0a0af8fb61aecbf8c0,-1
f3a928fdacd788bd1699c19bc3e986888369d6fd440480fdec2c74424bd4c67d,-1
d943b6760e0d9015923a718f5e729d2680e6359da9d42165f4680f9d8f8f4c83,-1
88f1ca95a3e98cab50e3d2083ba41be27d89599469b1d5913c850d4617fc7188,-1
c987039d7edac112ce019dea522bc42d3fe1bf4add675d1015427f3e97f743d3,-1
8f8da77c8afb9393ac56833959f6a813d19d1efd6b31a6d1b54c1517b6603668,-1
fef2014f3911473c705c520b446994362ceb8470c1f036c44ae541257bb2946a,-1
aa6325bc74d2673da026fe42395a3f6e33f1b10f6f4d2f2e00b7c4136e3ff44a,1
6db216dbdf55a632603fe281414b37b280b4b2da68ef1609141ae376fb800942,-1
e844e074ffd734eacac298297f2abed29f4e01dde079ce883eaa490e63fe9209,-1
78a1ae03169d20d3d415d6c3a268b3746fd97c1704518792c8057cdefed9d834,-1
191928b24c218f81e28f4fe73e4897532311cc916b5f409272240ba71c50e1b9,-1
5fb00656c1c79c192f9a4341dc6979c8b094ed7c9949c92d395208d7b898e174,-1
6c3b33ab3a7ede4aab59393e274f2d23dddaedf88e1a4fd9c7e88bbe18780977,-1
bf78c5ff86a26251f3d924016848d6f536f3d1e9b9d2da528aab3d5745146c90,-1
1c2f278924d0ab9ce02cf925eb86535c91524f1e075d82380377c84060df1f14,1
17bcab3ceafbcc2856de0b9ed2a27332aac2d94b1a33d72e86c6920c538c91ce,1
2815049b485e6b554eb72acf209ca5aa61561c59014e08b3faa9e1da58f880a2,-1
3a17252b129a1ca7817afa5a86dfdb70fac833e1bd09a19554267938f516acd7,1
2316e35616c994afb65adaf29f3ef74f908ddf0592c50e1986d470d21abc773e,-1
c9e6aa0e6c7ee81b72baa099822b0adfd699c798e47a6f3068cc0c477b7f1e2f,-1
fbc8f133d8c5158f4c45881c84d775bfe71926738173485495547f7f79da1244,1
8fce1e7a969b1583b49377879c826422085cc06e57054708c817214bad54ed2e,-1
fb93dd36ae53d0d67874200500dc2064958a25c6b38f196eacc785fe75bff22b,-1
2db4274b308af8cfeadd4d9b877c2bfab1a87ab51c4e89d2d9721e11c560297b,1
f22c82c560d697d955c4aa9f7f4ea059da6dc52981f42fafe77d46d1cb6cbbf6,1
425c13cf6049879c184f94d7765f22f4e8877880f7b8a2a09336becf2fa1b6d0,-1
aa84a578f54060e806b32b5b5c7908827db08bacc681c1ffb7e3806fdc69d622,-1
a6d22e29b6e912584692afe0980e64a55eb3dc7868b0e8fb2e8ea80ac4df3eaa,-1
ef574bce018a841e18d676421002cbc5a68daea98f7e4fb539376b01e8f23cf6,-1
9016c571e0017289de888521a48567a7c19fcad522c814ad5f14da2b26315748,-1
bde47facf38d551bae1b9b49e9c7e74f586cb346722701e27455bdbdc70339d1,1
cad45220e2a4bb0aadbf493f79131bc231adcf6c2334d297cd8f4430c5e62c48,1
55d98491da58aafb57bf04a5fa09a1233a93147b524e22db1da68c9a0942cb1d,-1
3b98bbc795548916e3fc46b8b5d2482aeaf34b955246fc6baaa50af0fe5f1237,-1
48f1fbf10e5e02bb585028ef4f15751534ed537f80d83032b83c6e3511702407,-1
d1c7d49c693b374fd613eb6c61a1b5e5ff03be28ac669e6b48b04fd6d4393749,-1
2ac20c23f4666ff7524195bb9b8047aa508149c47514c47470de3bff4ecf0803,-1
90da9665793f3eaac775f19a9f809683eba36a9e5759b45ee3821819e9cb8153,1
e16b414c0ee002d4f1e206116be6cac620a418086bcbff90d48f27e45bdbf797,-1
a9a4203c4d534a2f6180cfdd3aefe74d8a95c0e30553a76e7a6abd0d44a4088a,1
a2bec02aa3996a19549efe8a4772756df76732e02c963b5862156248823b429a,1
38f9550e974781d86a8a5d6fbe15e8c4a5221c9f870e36f5b6aefd2cc39056a1,-1
3463a1156760f62477d3c747117de52f633fdfcfbf12487c16b2e68334cad730,-1
bdbb41842b0018cf088564acfab7fe2ee288ae86c4cd7bf76ebeb2eedc4e2c04,-1
74552bfb4b8b4352112c16f9bc41298fb79d22336edf2da5de921142c1939e91,-1
a9e618ad6b46182c209557e5ad20d4372fa4dce8bf0299dd2476f292b97f9f43,1
4960212ab56fe390650c737e86b30119d21dfb8d287509698515335d97b2d6d2,1
9e4236f76ceb99653726a6b9538b40a2538a219425b7bdeac4f4c948c33c2481,1
7d01625f3ac8cb5de0c47e7fed5bfc2e502ebf4a8f44eb64a2d197923d8d3f71,1
63b2758ebdd15c89c1fdb5d04c8cb59cb64cc4c8d62ab5d756a678d5c1d01ad9,1
19a8b67941435c63565e0fe8b993766c9fb183ccb1950777bd1e3afe0231b975,1
bdeff5185a775ecb7180a471edfe0a3fa8acde8e9024dcbcc50b939165d9169c,-1
61afcb5ae5f7fbfd4663ebd2a068374aed37849f2dfbf19c0c9d63c3ac178ff8,-1
b514b770e459574607931431b80cdde243d97827afa0db1697a85d1a9af65efd,-1
5610abfc93851502de4673571152821d7b7148f2dc9ea6577a4ca796fdaf4efe,-1
5347752cb151f87d25f749064e2966bbe62533e05763252e0617277ca679585f,-1
67aea8d0efe19df79e11861f2d75f13448684ba468a866c325e53b8534edc163,-1
194cd272389d9ef94c1653ea20fd86c0a632437aec4489f8d413eacf6da8d532,-1
624068537fde9802fb347cc7cc12d350c8cbce9431e64c7e937b3f342d5e2899,1
03706ddb760cfe758cf648bf2ab70e9a602ec3b69562fbdbd354d7226ccf84ec,-1
dd6430fad9797a8e46061ac5a5e5f54b9de0b3d877a8764fa6511a212a9c4a00,1
1d99e20e353a8258e926d7bba1ff2092d842d03294ec8075edd7cdb94a366ee2,-1
285073745a94385084bb0118bb7b47def2a04bb2b918e951679845e87d59d01c,-1
841fc8db35b2216a72e2461466790918565121f647dc9d9b4c1ad8fd1e42be5c,-1
9bddd8dacb4d5d5d39d0c4c4236d76c11781eec75862d52e2cb81512513fd576,-1
d6ffe9640cb833e37c8c4c73f028ec22c2d3e19b15990753a5f1b4a38d922487,-1
c15fd334da3e8a9529471c228c40fadfa01d293d33689a66a73377c1be45fda9,-1
cd7658e8441da8d1afb229e06d5d237bd3c25d17f1726f7787fbc8fa18787e38,-1
6813dbaa1410b3049c96bd2ab93264366ea1d60309da65962135fb9ac1c80120,-1
63ab7824737ae0c13295bfb74bad286c6ac267ba99aed7650f768ea0e4646c26,1
fc8cca17d51b72ac7a154de00d177b52c7dbcb3de19f0f1faa49382036bc9ece,-1
71aeae7b9057fd11e79a3b09cb589721f7fa631a77b10fdaec94155b9271614b,-1
e94247f16b5c3de6ee7553c688a6c2401fc9157ae7f8e18907ed2851f506cf0f,1
0c00dc4ec41be887ae0f5871b10b233653a5eebd862f8919dba80ca0836487c1,1
b805dc64f954eabdf99ba65fb1c04cb4122cce05089632a729598f2963f167b6,1
2346f940377dfe438e09ae70449f15893f3372146705df38218c7e0afa2cc804,-1
99e8c79ccb383460631f02975bde1705018220468324021fc1db1dac3f7e7685,1
dc5ccb3f6f34d12e7b3751029898999890cae381ac87f30e08f416bc552b621b,1
5cdddceb1a9d89dc60cc30551bc99570ae2a26bfc67614771d8ec96a76b937b7,1
63d93032105b241dccf5d1b16b6a59144604242d55c14a8ef78353c7c22b99d5,-1
9fbedd5a87785229d3cccad01d0f5bed50b74121ebff6fb7fe3dd4af62fb2688,1
210dd1d4d308d97e6333c2e881f1441dc758436ba4015658a553d1e21be8e325,1
6b085926576150d6dae67b2228f813769585f5fb60d2fa62c5063fe1c2960b4f,1
13f71623ef6067e27b9014eafd36b37aa5faaaa7f40cab812b6c84b88ea024fe,1
51eac58d7d52260d2229a0159bd8ea97182168665f4a12a74df3c2a3b3655099,-1
7806c88f18c6d681b0ec13b749679dae7c545b0a0e88cb6b37882864f07887c8,1
38d87bd200ae1c814d0a84094a8ae6a85c75095cc32615af3ac9ca7031c1f2a2,-1
d4a84c49fc53dafa28bb81e1e790164f6b5cf71c25c68b61509c327db0bf6869,-1
2593fa7a79e910eb7fe544dbf1b5c424ec78ea150c068d47e0c2936944e74930,1
f7563a522b1bb73e41565606e1d6047d1ad73bb290726405b687ea63ea1133b8,-1
d03e6c6934b8f4c7dddb3c8c0125e861149f002a964431b6023d3394c33065a5,1
09c61012aa6bd0e0fa73146ea725bf68ae723c87672b9f8d855ddfb0a2cf3dd8,1
834b2dec76cee20c549c123ad8fd3e6416c8656e95285bee934fd01f9c57f4d2,1
b549c109c9f44f0d8cfefa7f53526bc7868f0770c20e48cd3d0733bdae5eb775,-1
e8e0b8e61f1b12d0dc74a067dc4bab4d8861a8454eed696f5e63f8492510b468,-1
c409687af06cd170643ab405df3663a72797fe32e528479b0182df24959d0a44,1
c67cc6150b6f25d109df09bbb4c84e1999cf9ead6ed68590346c069f978ac0fd,-1
439d9b0bef1a74ae1ecf2aac81ba816f28597b44df80402163f6b893f902e152,-1
eb7d6834fb53552ad14acc1411df8037ed1be155a1ab3a743297fd6977c05dc9,-1
b915a534f3d6b284e633ffcf40ac2c7da13516d3a67a195d1125ecc601823af8,-1
2e9a25c61d6486665e1aac9b92f62efaccc3b0260939e842ef4ad99496da747e,-1
a71143d0fb95abbd787bf0048e7c52c89c6a8584419239ab8149a26ecca1cbda,-1
100f5d56293a348245d64c04dceb8371ab06d63fe7caa6eb3a8db302352c73dc,1
d4b3040f5ee641673ad50cfc0c4984c9cbcb67de9d9f71a6b938a22f66e59e6b,-1
2cc6546c12a2df92a930a510907338866812aedaf8b9a0ccdcce57cb1eba779b,-1
c0edbd15efa72dbb8600c7d12f238c1d32446369b29aafa5bd6c59f6aaf424e8,1
6753359c070d56753e31ca6103ea1d6a3372071e4efa0cb2c4e46a3fee631c39,-1
9481166e81c805165d0c6d32beba8a628372df0acb79913f6e481451a87d72fa,-1
d016ee2a4b571e91dc0f1efc6af1fb6ad3c0e5637c5de6f0d84f855bbafa83a5,-1
65b9dd71a2fa650cffd7be26ff6634989b89f008105711542563365e0913e954,-1
71f0ae1e32f55d10910dbd1ed0cc88145b912db00e6e64bca3c6677ccacbf489,-1
dc8408f6e1f58098b13b1f369685f68a6a7aa055a08d795be795366c50243d4d,-1
46732449716fa054eba95b5b22bf01dbc76f1d7126b0142ed7769e813e690bdc,-1
feaeffc755a35615014d853c0d775b7af65786a6261dcc5d10e2c9d74af887a9,1
e503d512a8a4f64c9859f719f017b9fa4399c23b6ec586f9297645a1d6ac663a,1
d387860e8cd61a2f925c58ea85dde2c5ea273917597d78d3dba468eabd9724c7,-1
ea5904ff9ff49a0f1cf778799243a9cd2da3c4780209cf2cad3ea9e724330403,1
04ce37c7c977c6024a75dce721b5be495cfde1a1499cf196e9ee3cdbcaa6c6ad,1
c77886a53054f5a4e81db4272469dd1162b7d1bf0c3a547bdff1871253a8c696,1
b704e83f0f921dd6170147c5fefdb20e7c22d3ac9814e9ea914d1cf15aee67fa,-1
31cd6bab56f400f241522c112a5270d04aefe832728299f220d4cacbdd318edf,1
90d5ceee00e62a04a3faabb36fecd0b26023517ed36c3a64b7a8e6e23ada417a,-1
468af433e7f555fd7cfb7bd614f0849a8f601d12810287d1bbb3ebbfe04ecec2,-1
2455ba51b1d10796b7b271c67950640453b8eb6717b624caac50c492a2f3ff57,1
577acccc0da51c0de961bee82fc95512a598c72dca7d165f58072ade47609490,1
5389a2e93096ad87585961713efc761127d733108f51819fc28d7fabf5894e98,1
36193fd0a098f22a465e5649e03fb6a2e96dc5685e7a111da46e42a8e3d47d49,-1
053309bab52d933825fc4416b00dfcbb92dd99bdd00ae6cb4385061dcf7bd24a,-1
a1dd22392061e2b1dbff75ccb2da3f42a9fe6f144ebabb35561ff6ae4ee7dfd2,-1
b56435b8c915ae951f620a46ae618be0f7076d00401a678474c4a7fd033b6f37,-1
568385b63c1a6d4bf25b5a7d24e6a2e20ca544731ea0fadf7d590f1b60251d6c,-1
803dcea039243c2af38e791b6426fa8f84b41f85d03aa6a2a64bf44317dd2cf5,1
b0a2646a3df2d356cfe15bdaa4d74ffcfd28a4247f89911160dc3a5e1841cc68,-1
87fc3faae4238b7e72dd79b8ac55dd30bfc301969d1125910eedafbcfcf63a8c,-1
65e5752ffd9f90e903467945125c77a2de46b9359f09166d88d207e0078713b2,1
4ef2581dc1714c649bbb770e47f09f7650ccfa74d9d58de81646ba28bf94f6e7,1
2c085930698db55b620b303d62d744bfea703802f6db046195143489b3e79073,-1
c1acacd3077082b29d9bea3f2c31086e77c2605f6a2dbda5ffd81236b51ba88e,-1
0c0010b2272beb613f8340c872bedba86fc81ad92953b7c2bcedfc3d322ccd76,-1
4b413ad677a2fd0ea6d66c97870fd6b1913bde441dcd5618efc68208ce4db2dd,1
701ba24ec173fbb73d29849986f26e0a717c3ef6168cfeedbbca90315e3ae447,1
2b7129e63c9940149e7e3c5cbc4603f276717b75edf7ae3f1bca76dfab6a4843,-1
e267fbc59dc846138409a04fcb092e0b3ecba80dd1c583179494ab501359a76e,-1
34ddcd79acc5f9b39d459fc38a8ed37351e736399a86885c26b8aa15842e0b0c,1
c79be47c1d686fefd0ccc7d9a668cc54711265ef4968d2070e42e368ed55789b,-1
3598ae3f18dd3060b9075a3f04b1775e39c189998777502b67ae1729313ac893,-1
5ca46e3aef31ebed693299729fd453a91937da9bd6cae807bb1caea1875c9c4f,-1
293fed010b1187bbdbeddee5b33dc586210067202c847935ba362d6a864b6bdb,-1
5919179932c42621717c8e0ed722641f530f61616e48e6cc2ac53968675b479e,-1
e07151a02e1a81cf033e5bc3c67dbc039561e51527fa8d440c9dbd0516f72e12,-1
9fa7efca0f843c01e4f1bdbab3ad8e0bf421e5e25e4a8a1aaa1337cc13bbae01,-1
b6de48ead81780b1b66ad83d2900cbdb1f28dd996bdd0a7d8680743c95e761a2,1
17c360b263f2c74ebf6f11023375490a2d6e99c92beb1f099b199fcc8b98a046,-1
a24e35f9924839cc3fd40c949d31b4ad43239911716047128d6bf709af036b2d,1
a416e7282879c333c2b4317bb4cfdd178cd840ac48cd6941c0b43bdc371afac9,-1
33c0cecaf37e40d045150ed6314399256fc370f133320d524da052407de29a11,-1
841a693488fbf6a2442ee6fb45174b618be20c0af0948f4995e8fe9f6800e9e1,-1
26db2f372ac64c7c48d9a18fc12307c9b759985d8c783d40ecb8786d57a47bc1,1
a6e4cae54f43b7c8f3589ac6ff13c156c080a1df484ba3643c4598a3f4e72282,-1
d5d83cc43da81d81d0e1102e3c7a6ba52e783b28fd68a0f5446958cd31f2da72,-1
8e918a036a92d1077b2c432ca94e74f6504a69d66ff35a0a37e68fe8c08aea2b,-1
511e76b5ed3dd66fb58aaf53116541f017c4361f290a0b17a3b96f2adc5973c6,-1
c06bd6a2d4e595b8f51af346a080116fed61ba626dd3f53fc38f12c862ef89ff,-1
87be9bd1795d3af810491345d0bc47db6c81e7f1f4da416ad60e58cf7e31b5ec,-1
33c3f4dbd1ae52ba4196fa5a866aa82ec24deedc4dcce78e15b1701de67aa757,-1
cfbcb6441e81c1c6ae0f8b30b92c23d472e586104306bc30603270fc4113e3a9,-1
fbe14636199102cbe65c37fed336ee53704dbebef635b2566829514ff02fa23d,1
1a04213a843002f09f4abb9e86b185480ab2c324ab2e65e4743f9f54b41b0faf,-1
99183430c762bb722c6394aa82609aadedf23b3b470bb97ffdba3d94ffcfee30,-1
1e7f1a75b92a8ac1ff371f88a7c10a275fde7d5be7260bf6f400fd3e185f1d04,1
3870345ac14ae2f21a6a370044ecc16e4658dea5218a8b25428599a84d619e40,-1
9f5fbb040061c4b39a0296f9a8e8f3c5c8625729a4ec956d88d8c9959fca96dc,-1
97301278a3a10d6b20ca1754b3dece07daf66778fd529d76b06598f8e89c82ed,-1
84cdf96fd93453276f98430bf77cf0d6acb3757013b4330b75091efecf16ca0e,-1
989ceb6bb44f9bd773bde618144c1b72d7e0231d46802d11aa71a665bc34dfa9,-1
ab1d213572fd0655aa6d4f4b7c6a7cf5b44298a2a9c78a360a6815643439e32a,1
50866057d15584846bc81478a640c2fc6762aa49071a24e19418eba1629c1837,-1
d0468512a784d4ee05641ca3d3d79e44f86941d430d2ec0d0451d1c8a3c69c5b,-1
fab4417ee53427ae242cd8abfc089aef43e972bae55fc2d0472782b3757d0da7,-1
ccd84af6125bb3d58856dc6ca19d3c672ba7c8cbb9b4b11277e11cab0dcdc16a,-1
3c2c3ff16fe5e8a7268f7104568f444feec8b585c615b9fb14941f7d7f03b7e1,1
577a293644b6b5912e4bad209e792e534301de32e571e27258067867499068c3,-1
cd41a527ce3020fa9d9258b3c53921a5b9f63822a89b1686bcdcfb98d99dab34,1
1f3ed4ef53a2235ee55962ebc5b43cf69282414debd071e49a7fe565e6ec506b,-1
5dd016a7ac14ba15c4feab7c19801a99b1ce21864efd62f0f928d2c235e71564,1
43a8bb44393571d6432270639fdf188cc8addbf8970a686a2bf81fd23226d5c8,-1
f5b1a6a832ef8932813afb2728d31e92561677973dd0224e4fb2bfd697f25584,-1
dcaf9c464bc31c58ed405fa36fefd07f3946c0d35ba63c76be8364cf3668d0b0,-1
ed89602711d2dfac13a1f5e0d74866840fb1636c528e5fccf1bfa3b911650518,-1
4636a32c3e84038a2abab8b0757ae881b250ea532c51896157f8141a2eb000db,-1
b921d5d38101a3b09104b436b3c241360fde4f562839fe0b35fd1e09342d69f6,-1
89c30c78e9642fa73ee2374cfc6d0b5e1e03886d44c131e4adb674abdae77064,-1
488e1db4e282ebcaca1489569d1fd27cdc5acb4c3603a8b7edb1c0cae0bbdd0c,-1
f92e2a5378523a1e5a1105898079e7f73e766a30de5da52c56dff10173ee98bd,-1
927d104a6da9d5e47a7b1d7966653d4bf99597f0b84ddfdd9c10c425148c6077,-1
932d5b5c50e0d1749b8104305c0afbc7fa55fee88a33abc4e2b5a52437b39bdc,-1
e8934fbc3191d86f39b86dd9900c056143c0c9ab48cf3b5570289759fac0f3c8,-1
38f75642356ad5cfc617515fdaa02261c3e3a9320087e098c050ee757de345de,1
5f4a0776a33191e0939f9ae2d13cd17e9a8d81b7de69e9534a3887c9b5b97f59,-1
0f823681c21f0e04e895e8339dd1c0f18413cb6f1ec53a627183c254113be5d5,1
14cb40261d65249d27c1adbb6ba50e2be807ae6e8d395454999885b6e5a78354,-1
e9f7f67ec0e6eea0a463a5cba4ecef5ce86ca83f0b549445cc57e99fbf65687d,-1
ab1a02e7e0ac1c59631c3208373aeb44306aa2dbe190f7af22a81d831dda8719,1
0a937310cd701342e36619722af1a5ed82a191ca6ee4e24a0eb54f4062af5713,1
d2ded552eab30af1f6e0ab81477374ef10ebc5be90d026c8985eb15a867a15b1,1
ee1964cca5cbe4446758c41f0d50b5bf5937d32f7a3c7c2a049155f3791348df,-1
298a70826942be03437eb479327cf066ad56a4522d8663dbdd75a8ab34256af1,-1
375322473ed891db07944858cf528511497cecdd851c1f8c210e49fe7961577f,1
748277305f7094666ced9c4d4161af0d7a4d73519f08f3737c4d20142ac9a132,-1
56e7bad7bd457af580a9714cee6b505c0ad071b25e1756f33af7c4380446979e,-1
0e27afb657e19e103264e9e242fe49a176814bbd3f1aca6ccb30944b4ec05b28,-1
74b39b3e5167ed070af335b450ef19a8e9d2954b7d08bd089e4b58aea1fea52a,-1
7a48c9acc5402e17458b344af16dccf119ea6e4a0250f0020ddbcf9fb44da620,-1
19dac72818c29ba5c15da42fe7331351b054d1f02d4d5fbb9799760ab3e20c7c,-1
dafc1cb2fc07d28fabfdabdc9bd013ee2e9536ad5c49dfc139fa8718f50b60ae,-1
65dbefd39ea27cc606988e4699985b084574e593f6e79537c1ae366873c8361e,-1
3c9d452e999da7c56bc68f30a55336a5da7c6d2f8f0cfdf0a660fae7c9608cd9,-1
9ee2af0f76c593b618d520dd7e5e54d10b82e124b0811419d8016b88521851d3,1
37d4ff789eb685725919441bf3f9d8d29b11bb207f8a9e43a47274f7035236f4,-1
aefa2a70612a76649af77d379ae794bf6f5efdebb42066214b97316e95a847b7,-1
6cb19f7a17fa3d409b2f1b88aaa2ac0f8993fef17d90d06bf7873de6c952aac0,-1
fd74248360da57cd7be300ca1bb0c451277d38e48308a09826c6d65d5a68ba83,-1
bb72a8ea166f0f1d573e5c31e1923d6a7eb134995e7bd357dbaf8cb008b938df,1
3446a561851d3d1ae02eaf18db531f8b8b534e6e2ff6f59d2c2cf7b1bb1df285,1
93c5a4b1e045d46b17d983ac5c98352e8a62881f262b7c24b0a9fe32f5d76089,1
04d89a749c16883092b7fbd2a96122330b84ae9b3118a2cc9a85971fa0c7473c,-1
0169d76c52ed1159c919c3524a52ad7f2b67cc09d22f9e2b30fd8c9127a7a131,-1
6f56ea1de5f181c79adc830c230e41fb7651b91e7b29a3afb171223e3624f19a,-1
3a7caba9eabb838939b04f6c68d1d816b825f9b1f79723b39c53c759bee0ea15,-1
6ab0b41e7a10816592b1432471afbdbc3fd62aef4c24418b823c90ddfd4f30ed,-1
95a106679b86b219e7edf49663c65ce2bab73f0e4835fece8d3f8c099d584eb0,-1
f92a7cef7800dd5bd69b2faa145c597b636ed778aec6644b7d9a470afa8c6af2,-1
4d2ec9c3d777a7e416acd5f606c82d25ef162b9eabcfbc8455d75b659d19957e,-1
e6b9595f85ac0fa87485efe85f29a037b603da865c5868659f32a1f35f98d196,-1
5a04d526f97b282ed77f46686101a95dfaab94ad27b9e90db0223721a71259b0,1
12cfba3b07e23fc3ab4e661b388147494109703fc9cfb04f0b8ef2103e9064ca,-1
59e3a6661378073cc1ae4a23b529a6c36ab309ab1a2e06c4affb807b25fca760,1
eec6d61fc0b0ae6170220fe4fab67635cf2883e47b49aa8453d7a405954878a0,1
a635759120ca6e6aaa992b2b7697b9c0d3ec6bbbd834a7303a9c776f48c8ef25,1
9d6bc229451b1404f4151d4bace17e396e4009eed23865174b224259a9f0d1d4,-1
25a376e0927f73aaab74cfd4d71640b6543ed86fdf86d049506b194a0a7a5f31,-1
6e2c5b6960895293b904828b2b25f2fe5ab4270a345c5f5b36bac516d5e8deba,1
cdfa0723b99fa57360304a920549dab9eb6b247e7f400dbf1bc88cd25f0f0b76,-1
b0f61b38d83a258ef458c9b2f9c272a2b4aa9a5ffa50e1db625efae870307c8c,-1
0b20cbe812223ebc0e6634e37573e05f07baf86ac5b05a9bcaff9adefb4f0521,-1
c8ca958de9794a7f7563002acc2e9c614e8823ec5856f5ddc675e24284861f58,-1
c212527f5a00b1591547343c7dd8db06301fd1357ebecf8838beef2290b9fcf2,1
8797f34677edd053fdd99b7c8be02e0925fee136914cc3c559b01ba5075e1261,-1
3fecf008548e6e45560ad49d6e59c9fd2fb25fef89ec53de0cbc523088ee7c0a,1
61c023ec2481d2b9d50c004df57257e6d124fda96a55ffd9870e5e40f102df00,1
87d319b62419461ad20ed48c41ac49b2b800d1eedec376449a4dd5222328d60f,-1
75b33deefe8036a0a0bf1b2b9863f4f51d4debac449b8cdd779cb13bf48dfa8a,-1
b81229ef8aa6527b402248a8fd547024ce8106e91b611f2c65c12a06f3f92b78,-1
f4294d7414e995bf1858069efae0ae508f85ebefb638d45070184b1aa0dfa47c,1
c6ba62133608861420fea27d28020026000459cdb380c4b628e6397d0e4541cc,1
0acc43e6cefb83e43dd85bd756f001952de60031977254dae5fe843baebc2877,-1
9bec84c13cac9ce716318a3edf9775d60438d6217806425e5aaf4bdf56645c2e,1
432fd41a79e77cf00a4d175aa78e49710f36b983f7c251ae9f61939ff6c3ae81,-1
3e1895d30988939b6d7fbcd52e02b0689468217b72cf4b2ced1f8361efd2e6f4,1
f1e166aa474b50466e715346d7ab0620d1a9febb34ba97a883c8c4f4fc6790ce,-1
0e24bf6667d42693d20d1f8546cb7f048dfded9d7cd267dafa75dc4f08c7f1c0,-1
2e451474da59768233163efced51782ccfb28a4a934d927057cb41f10a6bd7d9,-1
f302327ee827669fc42e9ce388207a0468df83656908f4732c87218af383f62e,1
bb5a8baa7e21efd2c43a2f15b11034f28c95ac85b42560e5a0348739874b7e1f,-1
75c8ca8555c14396d724b71beb539004cef75c3ec68573f380ab42af75b4bf41,-1
47b81316af0a9206a6aad98545f1eeae0ee357a9c26214c78aa26d4e22e98e65,-1
94d3771cf30a76e64b1cc987b4978753d4c1ad42cb17e1881f0e5d280dbdb380,-1
b02b7fb47c7d3f9355cfc9c32d61b9b9db8f0ab5097b163da98a8c405592d109,-1
c3bd2c7bcab30f6c997c710397b393307057f15f8d7c1d521a73ba19c4d74a78,1
a5008a5d8c69236a6228feaac79fa136ccc0e295a3414a1688a3f4c11eeeb6b5,-1
96b164435625242201da1d74033d20ab8ab52cd8d727a7fc0d39b27acdf90588,1
52d104ff0779bc18c348d5c511777955f35c089f235ec66fc099de73fb03abcf,-1
b04561d014d677493d6eb43a35710d4a96c5bb22262d95aa75ccf55cf0a07a4a,-1
f4863ad6ddda52d9e2920886d1a342c5ab1747336ec529a37a2168b22f461864,-1
f909e56fb9eb04efda49f36420a3dfbf2fed13512481ccaece36b9e430318476,1
91c565f4e1434647af796f022c0d36ebd90b63a099eee82ce3035340acfa0d70,1
818ee019eaa40dbbbbbb4c44cd1cf1af5e2079a8e6abfbcc45f33af60ee84a9d,-1
8bb5bf68d5ef0504b466358e1b74641c1770b35db8e916c58ecb4cc51be88c19,-1
63c8eeefa7bfbed20e278ec1e1a5456390a3a4bab63db61cbac2d4a94c28436a,1
6ca4f0f2a58a42f7027a3f7fd436ddfc0b6162066a2243d2e855bb389c988c3f,-1
d623ef06bae30fb4ca42188ae6c9ef4d0ad135b0c0ab8ba87ec7146e8ab3002d,-1
662c0c0988dc860223a914ffbe726226019719e09cb04e82015d882635ada29e,1
38bfab09971f0c02983787630e3da1cba8f1190dfb897ae42ce4b35d5f369d20,-1
4dd3949bde9d80403dacbd304827b2098737922a82d745ed7c74afa105e08508,-1
eb01782529b285264ddfb28234c9b12986a681ef6c4c79f41fb05c17ddd0e2e2,1
a5698325e7685c231137d9d301baaf44a45be8bd26b6e6cb5a8da7d6225ab225,-1
5313f7ace3004bd8fc0c3812780cb1831e237458e5b02db6c3709b563fd3d505,-1
957fc2796a066e510be868f37ff91188d035cded07009052716acda92afc469d,-1
ae5c65797b25775775ad9265a4c2c6c4efcc26d5c474d87623bb2d80543846bb,-1
51dbc6a6c75975a303462f31fec2d6e239c6f75d8464fd1ce33e832f7bc30bd4,-1
3b702fdb9b15dc50428372265ad0b6b69364657afa2e4e866b45aad7e15e4eed,-1
7be5b7276aa185ff03f899f129ab2f4f28ad99c5df367606f2fcbd96e09b4e9d,-1
8dd0f5f4ffa52f2f871927d6fd5ea185c878238b238d667c16ce221f52593828,-1
78c27ff2c24c6ca243c963af006161430ad5728e1634cd1b5b038e0d34a475d3,-1
fa83634416a6a35bbe35966aab6ae9d2720a0507ba053af0ff3e61879476c09b,-1
88473c07e25ce462b5543aaf292c1d74853c0294329b60cd1b1c82176aa340a2,1
98349651e74eac692903936a49fe5e936e5efc07510c916ea0b919cbcbb211e9,-1
df01a926de91705a12d831af2ef4bf10f2eeec650bed4a1c000696f5b7823708,1
270b2e5ecd486e7f710695b660452efceb39c079db311dde6d8110db2992bc39,-1
1173c0c61575f9f2ae1164d88ca53957581d49ccccf8878c031918702b5ab73e,-1
2a2ac6efbcfbdf790804077bd1d1f1a65b31db194a4a767c45a4083f7dad1cb2,1
6223e1b8548568804023c89c804dc3bf2b91be3fcd7cc8966aab4f69a3889b0d,-1
8a20d002e797654ef742b937d4d96922937a7403ec02782fe71b97eeb3aadfdc,1
0860bd809eae6238d121c66f3a469e92171795a60f5a0146bdd3052cbce79d28,1
b4b18481c3dd6139ff853aa4fbec90570cab74fb427edb0ee266bc1440ab5a47,1
3d90011a9b6aac4c1a872c27bd46560b90cddc5ffb0b8d857261254586d533bb,-1
03e718d6bea723492eee0284c9d47934309a3314696e019be31026021dd21f22,-1
accd9a6a4a68bf66f808d780eefce496a780717c5f2e28254e03fa751a3c03b9,1
f7eb56209cc37473e4dd9ccc4b697372053796b5b78a7f8ca8f6399fa9fff0e1,1
c9d1e14198b722580d8193ad446ed888c4b1695f91b1777b08a476a35288297d,-1
2be4204e3197c1cfc7b245884c50f9f478c48a6f8a463d8531e76581547da951,-1
f2f8328ad563fcd72fc71d04c75fe97307304663f4e0d84daf1d24877807ccf0,-1
cabb684d12d68dc9c8fccc43e8a20e006351c4963e4c915ccbea87b251eab722,1
94abca264310adf7b07110ebfb1db44ed60dfd9b186551624cfd5ae10919a4c0,1
9f7d7474b5d926cdbfe833d0330dc53c554ec8a4809ba54af318897dbd3dc9a8,-1
e38c3e8c0666b1d96a46bac907779c7cb24f367a29d761e8a3e633cb8a4badcd,1
c17381b3badfadf0d2d5f8ca6e7329d7818cb0035b24c00b484bf7eb05cdabf6,-1
debe264f7abaabe7ce1c22fccae76eba5aaa1e123e234757a433e97916f98f73,-1
afe1a1dd4f8345cb816298a60820b6f7cf7b5c36e8eea9d8cdf772c622b5ef52,-1
ccfe211d3efc91ae086f9ba0756239cda06b9c55887b325a3505f35af2bcb1ec,-1
0589c8bfce1178cb495ede4ce4cd070ba760bc59504f189d666b7fb73ffd3f2e,-1
4342eb8e03b0e138cac3eaa5918ed5bcc929f542f310b4e0aea408648e694dff,-1
68e901e36a625280e4abfc3a96d0539dbf4254180b1c156f9b79bc9bdb16f0a0,-1
8788af997730a435a1d0c3b43b8f296c2235e70ced4f41547536a1ead4e96cc1,1
8a211a2536bd67735847164ed927da01298151dc3a4dac493faf0cb9f7b4ae01,-1
f3f7f57f47707445429673910a34b8ac0c3ed2173cb4aa8cd6a8e19631949767,1
c13f0c069e3b406fa94e0f0a4747fcbfcda53cf865ce7a3e469c7c43f0815b59,-1
374c4c1f4bf4908f880646ab3de700a0c1f161d6e0cdb6dd3f720912e1a51201,-1
f2fda56f4119824d2c8dded6ff275414f2d9c6462d80f378846f409df2b53229,1
b96df73b212c05746d43a5a32deb2de48352b31e46cc6ddde7d7bfc616b46f9a,-1
b351b37c1180fe706815bf4d5dda79151371be55cdefc0213d3c95bccfa0d7dd,1
587dde130be53c0f4d29669e6e65509a4abae30c8e06a5004f799fa79c2126f5,1
e11f28aca83fde3435ef8ad171be0856a78ee9d9dc1d331c593ce5988f65e8af,-1
74c57a1cce68cd4884d18bd8ddc86062f63f211f5f7eb1e76178020a2c160384,-1
e2038620936b6f63cc7e5bb7574765911c72eb6d80b7313f9f9baa8f6e817cf1,1
71e9ca201bdcb75a03f8b50ca39d1fa86f0e1cd1954087833e65f57e41a1a209,-1
328ec332d2cf57b673e37d858b540901ff5299fbb4ca18fd0b7900629c87c2ae,-1
2842226c480a2ffdcd9b764d7d48c3572f1f8518bab17879e0d60c77e451be0d,-1
b2a92485e72b3ed6a382526ed7d71d1ced0caca92deda398bdc3729c6bf7c8dc,1
57362bee35f0b973d77665e503280d576f6e2f442f3533b89aebf32d539a58be,-1
1fde7132906d1d73d7ba0896eaa0d5093287f942e3d68150474be5cb9196872b,-1
b96cfe15514d8920eb015bfd32c4cdd5d094f0d3fad5605e509379bbd70efb47,-1
3e188fb82f8ee48a02b9e68f009c87d7ec977fbedaca566fe42c2f9aaceffcb5,-1
c1418dfca9199c0a90fdadc14e351852250e8e21515de1bb3cdcc7135ad63ff2,-1
c34cb6d5ce10c066b2c5e6a3f752c0b90e41b76e6c8c2a6a6b230f460b55ecb0,-1
917304df99bb597093210043996ab36e82d64b36a46651c85ce9de05ed4d5c33,1
301446cc89bd719134daced1c5d0c02fc59a5a5e28673fb4082c8e62ffeab38a,1
39691565f5321d693c2b1c142a677e6387f20ca32ce49bb0fef98534ac723d15,-1
38ccc8c930b67797cc6f4297b142a0a0f68f8514c6723f3ddace69c685262003,-1
2b10bc085dc316c9cd699bea7ced581d4c83eef3d051ea6eb1aa40c301737815,1
bb51091d8c14615ee31026f9c9b8d19b800c1f87c96bf74f158d18e278c1170d,1
750225acf444c5a45786eccaf0b1ec53b10424c96e7d1d930280f2d2a677bd77,-1
16ccb8f96820c2e0693d0944b401ea4f850caf6309cd1d342878bd0ef7349d5d,-1
8be024dd3692cb40e27b4f291779ec85d950b22802f0e932dbde98d01ea5cb91,-1
62bf3e1868401dc5be2bfb1c8cd0da66bb665edacbe2e4525fceb09950f4839c,-1
ddfae95526e86291a18124360889de2e31ba84c07f97dea143791dfa678b04cb,-1
d5f3a0dff184b395cb2ac945f656df11d29128ecba9cac38d9caf13641860d95,-1
2c71b3c7d83f32967bf3a53f22f0569bb8c9876fc0b1a9e93071a1ecfef869f9,-1
d40f02e268a3fb9d93c0f5cfcba34d249748d6bca7066dc7701738bed00bfa86,-1
8e5fb091ce772f88b66b2843457a556f408e4f8cc605cc9dfeb483d3a190e98a,-1
eb82427952d9469e33cd76065bc356b88e4ed963fbeaea76b52d557348c04583,-1
c6b132a40ac1ebf755b969a414f884f3f2b5422e735253bccb64de11fadcb601,-1
bb8240b5ac84a55a6d27be966e1379da4ed7b231ee06e2d361a16a9e73900a4a,1
c62ec3e7c7c286aafff2174d2a1a34437facfa294c0ea9523ebbc10b286d1482,-1
952e79c5c84b6a35ff86f0528ee7b854459b714a152dfb0a58e357b8f6bee2b8,-1
80c01e1450616983cfa71920d94640406867fedc4733a9c726c6896a81d23c06,-1
18215398561128eac00fb7badfeadf9576e177cb5990036487d498696347a66a,-1
39479d01296cb6c0d9cbb24f10859bf0a5849d0fc841815b606626ebd27840e6,1
e630fafdbddc165fad428b4278727d92b437dfe87bc02522847182be97721de6,1
1347281c5053330ea68033ceec7f250c0cad52152f7cd7cb955631e64c440afe,-1
24e19d02fa856db6cbd7c7ab7cdc2ac6de7a4db2f4ae8ab26e7f1875fe904be5,-1
692feffda60a786dfb68d8abbcfc6f7040b79472fd849eda284370e249106df9,-1
a9cba8e44d00e81908f1f0bc6793ef8a360378075a9223944740f16c183e9376,-1
19161efe02a9c9e797b53f072fe60abab3f9e02d3f47c1161e5553bd200cf518,-1
1680e9ba34e7100534fcd8b839d87c8b888e9c523cd41336d95a7401c3f46b2a,1
6b7bba842c7051651253384208d251fda90ec5157bbf02c767f892f7f036e251,-1
491cbe1fb839dd85fb1757ae6d7e1c174174687a74fd296303f33767f0be86a3,-1
2b3d4aaf2c5233d3bbccca7440884b500f8f882dcbf1f173ca39912426f2c5da,-1
c9b5cffcdf45a549c93e145e1670e9ab30e4106b684bbf1a7a2b2e7832ca96d1,1
46f6da45f279cd74a45e11017a0dc7201a0f8a79db15aaa6db4d46b6cb59e709,1
4db003b3680705b2fd879410d261f52679766d344c7c7e5a126015e92579474c,-1
53a2b81e3341bc8c8112e90edb977c1df6b2fe4efc0201cbd56e2d0e58ce170a,-1
da1cc5d17eed3da8853586a04c59226265e55ae8316dde607cfdc2ad76ea212e,-1
aabf1d758ec2ec0c01410cd185f6d8adc30b0756c61bdaf549dda7495198eed7,-1
d4feeb327692774fd9eeb6aa67d14201748cbfcd2b18dc270439d8e52468eb9a,-1
97e6c6f247d9077a43653af39693c9b64a8bb1715a759859e060e93d3612a259,-1
8d23396d0906ee70b54247dfeafbea7ce7bf8801db73ecb8164b776fce7c9573,-1
6830774148a85891ec841e65c41aeb2fcbf4671b75e91ab8f00ebcc0871217ca,1
469242694f9f8b0b03a579a562188c440bcb1af532b83731c25ca3ff59d6e4e7,-1
edc1e7c1e67a46fad508268d497a02c458ef69ef0d86fb4fb260100f44b2f6d8,-1
894c3396cfc52739587b83b952d5f44578a4ffa7f0c5dcf1f35d1b9bf892c284,-1
6c5d5459c5761cfcee7007f82820eb60cc549f530eb4afcadfc39aca80990c6b,-1
5931064a46ee3885194f3c411732caf4b6c23c243e635a2065f0b700cdcc1e23,-1
0c0aeeaa7555b192480114524b55bff09cde09a0fa2f815c9dcb74136e05c25e,-1
9ade337be1fe214fc3d9d6f7614f7e2bfe4f027953d93241895c77ffa7ffd0b0,-1
885e76b5c0513804507d422a2294de9e3581d1e96b9395371acb5636cabc393c,-1
b4dd2e02f993995ca7c61856c7dc538d250f2cd73178c0655f2bcceae1ae7b84,-1
edbc773f5deb752c40c4f779648a2d8ed4ee5ef60b01472f5ef098c942db1a08,-1
cf728c09a6ee0464ad39627931df271d18da311dadd36e4d9f1be808d176262e,-1
9d2102a3dc746154dc1a330e568c9af624f9fcd3ad041e9e4e094f54fab1bee8,-1
d887d3beedeccfc7c0aedcb053ae0dadbc1edb40f0db3b5867db2e25ab4eda79,-1
229df1615bcecf97df1ae15355e71e91c76ee23255587a44877e717a32712e98,-1
268f351f1d563a81cdd12c0a849c8ee5fa33db17cda4be8190736bf252c2f613,-1
ce503da4450268d902ac55f028776f310b34a95072602090b26e729fdf86c075,-1
c8fae593647888442ce5b769445a59cb4c13d2000734287d53a20e17aa56f2de,-1
61c530dd8b89003c8400e81703cb6f1c929ed043f77d591c4e9ab269b5a7e936,-1
18d633af2a350b4f98486296440949a20eae8b09ab4e19ba3854ea2ff519343f,1
5b75e89c13bfd36940542c6c9d7619c8619ecb4fc2ffc1c6c814ca327966ebe1,-1
cea1d9d93749756f9bc72173b7b099741b342248e79bdd769fb0fdb145b13ecc,-1
5b73e61334d983beff934ef5e0ca0ed82c55fb1d74f7e3c33464e79e54801047,-1
31e5ec6137d128cbc3cfed68c6cd10f591e5c12f2321ecdfb5a84f41aeccd43e,-1
fcafa03e73e1591bf0790a4ec3d9fec9d81e1102464fdde97b37320e68e829d5,-1
6d0637e0b51b9973352341ace106e5f9a336c0169ba756b9161bdb6f1e501d8d,-1
257a3ce7a1554aabac79c20b5beff6cf6f65cc59052146fadc6488026672b517,-1
a71c663ff595eb0a827661a6260141d840576cefda14a15a278c7cd0a441f09d,1
8a7780bb4911fb6b4abe31004686dc3f2056d248823c798f965119d9ab896ae2,-1
8744b3ddb40eaee01f71f82c2ab7edcdb5b0b95707bbe1313dd3700c5fd5dce7,-1
03d66e5677725f16e37cca2ed30ab06226b3e9848c9f7588cd0e7443a4ebe63b,1
ad58be395d88d838ec1782dd5f1435eec5ccfd98998511c062f119a8a95a1628,-1
32ab9d4d9e37ca8543d48f231f92d10427d4008de6c0563f3b1b192a387e4792,-1
d2bd67e31cf4b7e22b6eef30a34ee8e9b08a5c0b54e85beb0842dc0061aea218,-1
5d765973f0cdaec3b416a786e2f9b0a94af0683e6f449685c33811ec896d7957,-1
bada552b0d62075b62f33e74cc523110f48a7502f6aed71e2b426f9bf204df41,-1
199ce17499fd51d611f854d63b0396712bef25b7b6353601313d7ded3441d32b,-1
1bf98479499eb76cf0912cc81fdfb76f706f696b4eed57ba518e8459e95eff9e,-1
2e907f41a093030f7a563eb05d424f9c927a32161307272b0557261f9573bdcf,1
1f205a29cf82bbd527ca3e0039cd1220785f0561dc490c21c4d5f6951ed4ff1e,-1
5030d3c51f0caae84eacb276bf86f4db752795c1742535a6f2de65430b7a203a,-1
226ebaf64a6c983bb888dba18d168d3d81fbb5f7f8c475350d492c664921d874,-1
be4b83f3ac2fcc170715429acb6ba9884a38e1051e57acda445db966ed790f4c,1
f0288df8c4f8fec3f8cac16354f6aaa4d7de33ee42d8fd7eb1689fb9e88e7eeb,-1
48b7675ca9c5081c2c907477933145ebc306974fcac0a4521e8d21f5ed943358,-1
53e475c345cf7f21b763974f068c69640b7a8002198e91ab6aa0308ad7e6cb53,1
79694a07c909ca32e4e15a8f2a9c6143e7b440f48cd6488d79ac6c9a80ae9443,1
e8e63bbaf76d8385436185e731bea5e4026ae34c510112891d75f58f72bbfa41,-1
1f539e78609a5ddb7a509de9a447b58b0a6903f6f4f306f62f3ac88f9abd3849,1
ff51e0c42ea7bdd6bc7a8180acf82a8b03792657e24baf1bdfd1cc37d7cc2c36,1
d9cab5d8d8052d3247da9e51b81cdbaacf6db90ac77ad323d0253be1840fee6f,-1
eafeb2f103799f6c1f28d4dc111ab1d47addd57c7680c587c2dba8b8b5001a68,-1
0ad3392aba75fd60b488a5b0303887c9e2b2d7c67e642d70a2c961097910b93c,1
81ee4f3f0c50d0aa4ed2574011a939fa839440f598484465eb724fb6e7ee98a7,-1
cd7d92e323cf8c96da3332720d385312eaf3d44d2cae13c51ef2424d71ad7469,1
10d58d3d5dde59060a4f9b4b0bd6a98d89feebefbb3e1d4737e207fce3aa729d,-1
49835607725e2707988b7af840f152a6dac521797d3480bcac4a8e8bcd977f79,-1
d7b5250855596006d00da21bfa2396321926335a8ef82f5875d17161f8a3684e,1
fb7ca54a37025ea60783b3057949cb53e764dfe3d412b472322a152163b0d286,-1
6c002756c8802eaa28606249e8040a9f7a00a4d4946d1085c62174df04606aee,-1
bb8bc292d52febaacb9cb6e5b4483d249a9406053a490c631648476e12ef25c5,-1
0ad7ab6f632a7a7f42104feb6795c1fa736b00269be4b4714b7620c49f942cd9,1
470381635544bc95ae90842bf8e81ca2b1f01285233653bcf0b55cc5484e6f66,-1
18356ad8fc6fd44171d31a61fa595ee10327d33e5633c6ccb8d135a8b7420030,-1
d68ddb002ffac2dbcc868ab0f81346bb1f806f51d844f8ba77673d5f426f142c,1
436980d3b148886776659d5dfbde11058acce0c88aae214e247f87b2698c7d1d,-1
84ba61c371ccf0ed775c65df6656bc8835fd3f00610bf930a56be2005d6598a7,1
09850aacce562ae237244bbfe5df41018f03b87fe2277ac2393fa10b93729118,-1
f2e8c53efc3dc0360c53ec8cb36eca2237769dcb5121292d8cb1011999642067,-1
6417bfea290c9fb2bdb10b7d0fbd1b00dfa7e52c3439b7bbd5d4713d41dc20d0,-1
34051181c8a5ef986cdb4ab87b4b8b541aa9e4d5674f561a7af92f861a9f9392,-1
b9de1e25c71cca42106433d8232aca7cdaaadf3a2f1a67f3cdbe67e79072b8fb,1
48000cdeccde3d4f9843e87f14bc3985e21f5890f6176f2e3a4d7c4ba3d263c9,-1
011c28ff223d2f682e1d06a14c9579d9483d5f99a78f56b4c56d8808c890b4d0,1
cef08f41078621f68a0f52c816d3ab88ddc3ba9da0b1c8a66921dd984bced395,-1
86af293e92e77f7805aa092fe5dc82e7448e2b244a2a3bdb479e88b3f077f8e3,-1
567730c1767fd6cd96859d7439c48f853bb14bd25eae9e43f860dd49d572d55b,1
424af8240d4692f367524ed36c892e276825488aca994c2f937b9f8bad3902a3,1
a12035097a92a79873cc754b0bb29d3b65797ceab691c5f18880f7608ccbe5f0,-1
987de5702baff1c260fc25f794a2b47bd83e89e3520b63f60c7976e6cccb4ce2,1
ed5b093f6c5574f522aeb8feb16d641607a3db922789b9cf37a5e79dd55b8c86,-1
8daf6efe26cf2cad0117886f6156ebf3de2bf9ead866e60c4155c0ad38d00915,-1
c055664767e2e286231b8d118d3ea95fdad556d4cb316f16970ae53e670c65f2,1
03122752921e3bb2f402ad537f59b5b1daf7679429c4f088e8a89842a0c47da9,1
a1a277f72cf4d34bb41adc1fba0fcde2fa1da1ec7d7c196d384ed8a2f314e32d,-1
03c2f948fd320563c5e1d4681ddb81056cd29524ee43cd6bef8cf7f2b8d0b296,-1
d57eb860b208f4d362405f76b01d2ce9cddbf6a9332fd36efb99590df4f6975e,-1
e4c989e9e003aa429f859be0cca56e830ec1304a8d3d76dc8cd2fdee404b2bcd,-1
925603c204d3b65bdcaf1d254a5b7332dffc8a8015c0cd7136fceb0c30f2a34e,-1
ebcd052af122d3f38f6108c0f1652fcc5004493017ac6b43894c33915689a57e,1
6dbefba61b4f44b2f9ba112f5a41067285347881e3d14e1bf9f373fcfae78c89,-1
3003836f5a975610d83dd1c80ec35c9eda07b9e6ce79379ef9fe9fe94c6ce321,1
9f2416882d93dfcd0be9feb62de4da612d47a34c82caf8ab3edc47c033e8b2f7,1
af04d27b82f123dbead9b53e512fbb7f04106bcb2cfa9bf231186751614cc714,-1
cdfb4a0592733763ef7e0053ba5c67a03da2d5e80f7285d155a32ec7b133ac57,-1
a00babcc0461bbf3569452303ab7d6c1eed430c24e41c587362a5dc41965438f,1
c8fe578b768115973c9dd883b55cee1ea80a97b71a49e4b8b7b6d7ed683d0934,-1
7da9185f2f2c9b32f2ddba553c96bf53b29ae9e37f3b55e35c154b90aac02cb6,-1
849d73dc0fdd41bebc6ca7e58b2c881b3d26719070e9187c29074bf30abf2f4a,-1
0d8b310054bbf159f6a7b8c6fc1347f2a5cc376140e3baf39118d0a722872ae5,1
e5a6a5c3767dd4d17bca95182697cddb2dccbbb094592dd317166b582a8276dc,-1
32d80bbfaa4c166029bdb49db5779c85a4ee2ecaf8a115e40d31fe0f2a92ea58,-1
e7fd550a236c6ce3b0a3a894109717157959e2a27fd09a1b8c6f0e9a6518056f,-1
1544121b40010d1b87f8085c4694f035d82b234dfe27eac524ba26ddaad8b8ce,-1
fa1e1b0eda7bd147a75e73d45b0e87a6bdba6fc4298c5520d668ab5fded8eae3,-1
68c7a2be5084510d026a943de6a6725eaba70f55b8e533fccafdceb0a70530fc,-1
772ac0a3f6beeb5216ceb9586443e788ac9c1a0f347522b47b5e686195a4f593,-1
445ae21e26c3f30ff1b75cd236f9771ea0c6054d1d9300613d2e19cd175861e6,1
88ea66083cb192d7a712dea592537a9793d7ac285bef6c6a992ba2fdbcf9664d,-1
656379ee117fa1d8cef0a0a2411fd75381828759ff2087c363c3dd27e5b2e750,-1
ef10a3dfdc220698d4a19974df3dbb39c157ca11a5c2d694e576a16879024d53,-1
89a9354f2722d58c595582a93def2c5f25b7386d341408784fcb227a2db5a135,1
938eca455844b79f7397f97d89f2ddd012296ac2bff839670f2075001e16eaae,1
38957bfa19fb6031c00a8ecfe9aaa2385c49b7442541579b2b9ed03454d3bbdf,-1
6109418194e95e97cb94f7b90f689534a2551334be3250d1df02689649e87bfb,-1
306c6f9851f57c8f518dc4d4926f52009da16888b938331f2823abab7bee7c05,-1
21bf6d721a03093eda9219926125dcfb775ea0b50da40b013572052f8180741c,-1
9a9a8f4c3f9466b6ae9c6f4764d2b5c3461fa41acb2ab08224e94632cc31a0b6,1
2650922b0047f1af432a64dfe1505997dc14d8414a10a2c5c76d7f80187324f9,1
19f7959867a79ef18453f7356d9d2aec1ccdf0d58238b9890f150461a64e02f9,1
55cb7fc63bca9b08dbc12c52e9ce3f962cf3223ea52e6ce75cd941ce9c8ca8a4,-1
d9ff8fdece59cb121982f2630fc9eb15814b4306436ed2bbd44347cb3014bd72,-1
d578d40b2ae6264135cbd81827a40e8b43e0d30ccac4c9f65da10058cdd101e0,-1
1710266a3fe2e614484cf44fe28884e20e6a43b7adf17d6e55f85bb87949ce09,-1
27c73f2f4c6f1aff082a02d3ffd705c58d640c2d1e58d776c915682a5cae0f26,-1
19fb0440d90c899a964e62e722eb7054e5eb4826666f61816a4a2da228d84389,1
66c07743da2f117b8c03cc73225eaa54eb0ae291389f07f08d0ac9bab69ce9e3,-1
25b9006e6c0abc842db7e116028687ffbc0db462f97138d4a2841ab82663ea31,-1
643d1e22f4ab0274b216e791d6c65854bc240f7a9fe61a2ae174bf864f889730,1
4078788110e89cc108ea8ded9e1a81dea02823314c15b43d0b476e95a9034b72,1
6dd9516a2825265a3598ea1dd4e5d5351476a65562b4a1d9b45a4a591976d406,-1
138fd9b1cefa546ca1fbe59434465ad3dcaccf0d87908c16e93123e822341d7a,1
f7b76a49bdec88f22361d44919ea492d42d1b23bc7cd5217323a7017d826976b,-1
76b480d56aca0862a02e5867423b9c4c9725284c1718ad5bf14b8f5f068e2613,-1
f51b8f06327208c7f6d129b1ac46ccd00e054ae2310abe0c6348c6f1ee67a38d,-1
54983a8821437c9731542e86f573d0c54f74bac3e565e9cda4455cdcf0aee857,-1
0cba6563f7939f9434168c3719988f630953b27512ec27348fae648fe027984e,1
b74dc0ebe01bc1c483c965c7a02672198f86497e313ef084468272a527c3312f,-1
c23f0735a1ea14f8ce27b571891d82466608c8d2d6b873632bfa2f5a7425b3a4,-1
ce4f77877ae4dfacfdce8a04b3c8e4457bdb25631b41cd401a76d0e759837c39,-1
c8adba88ac4501686a81e0268c3bf44ded658aef0221e70a3ed20adbbbf15d90,1
2343646c9360b91cd30de4ef60ed9673229c71bb597f7cf55eb0800116b72bb7,1
6e660c811299f8cd3a14ebdd57acc4137ef3a92f0392e0b63a6e944aed1abef3,-1
e51e4d7a72c196f6e15e78609f29598c5f32b76dcbb9d475b9833f0f7f101bfa,-1
39724a83322d2eeea665de1fd54df9924936190fba25fa0f5b77bb0989126244,1
9d13e86c6085d4ee400c23598ff06eb52b12b985454ba93189e20d2e28f364f3,1
3986e1b9e8e6e444ce930d4892c1668ddabf5ac6ba69b101acdfb7543b3c904d,-1
7db5769f45a564137b08a8cee2ecd5025ff63a2f2ee38c794036edea00678518,-1
f19749beb748136c22c0725f912575aceb3de2a3ae4314f642622ecbab76fd6a,1
db0a16c177d830516859485d9bf6854d7ccac545981759a50dd2b3d74a402f30,1
99d98789b3e3feaafc111efa6b33a6cc36fa79868c2ebc09cd1ae622b14e8dd0,-1
af43ec75a802e5fd68da5a38add3a772bbdd57b26296c65af9d19813921821d8,-1
a0777e60f02ca03b3638a6dcbe10edaaa8d24d9d9e97a6b37c0999e5bfda0638,-1
d319c1b05cc936e992c28204d0d2b48342fb05aad2c1253a07aa07bb7459c4fb,1
84865a7e9473fec1271e2c8f3645b4a56b22a8a435a88ad787e1ee49ccdb2b3f,1
077d7b0e55090bf27a4c33a6745afb4e8b7eb140b02ac2ee4f4e0f6d7b3b99c4,1
edd7d6d83d63cd7dd4b8d10e0da25510d83edbc8cbadd4107c6412c3c483dd53,1
2fd473875837aa48f3ffa5ffe0d36fd83519720df6dc627417b72330e31a0616,-1
d9bbebcaa1b31cc176ccc2ef4bd2d73b0befdf4e7e565dfea07d22d063a0e8ff,-1
6a42bff12c5c117a6ddcbb463b2fca955a27863a1846073157018c76a4eef0fa,-1
56674580ee3d574fff829e9d2f17419d0df09f4f15e73dd2fc5c21f9036ac231,1
b20ffbe734d5b299b5050b922df1526cdf8d5892564a4aeae32e78c44ad375c6,1
20aee168adb09d21da157a7f707d3dee38f8303cb69618b239a552461328cd5a,-1
a61c6282088f12c3c79de030b5d694d744001faf1e9f411db319b2e927895cae,-1
ae2a7b8d07080498bca6528baa0a7d5e1c9526d3228792c02ab965ab87031b04,-1
bef310ee1835c1d7cff69a1740a650e6395e1c9d1cd8720f881ecffe92487499,1
e3a69ab18cb91a583cba9f2fb4387f0f5e7ad3cb41395ffd0c324eb88a53cad9,1
0b386698fbd8ec7838f7eebabdfbb5175b73a0ee510c9cc3f464f1c6ca24a5d7,-1
5c11dffad2aafad4399a53f71a80b03b726b48f4e07a1d33b9de4b3463ce4d05,-1
2c9d51edfefdcdb284cd90936250028d9fdb4f7e9e7fecae8ea9de4d0f575425,-1
fc8b929a8286c86a9db21e276687cdc98d5ff60c896bfe5dcf327f2f1da69af8,-1
26c78fb43405869b74acf7bd0a5d6667b18a8e52b6fd232d5e6d1cae5c589888,-1
6be5dc5c0e801cd163e0200b9d07d54d42a6363f53679eccc95a8944bd8ce80a,-1
4cc1ec373618a958eaca3d28a5661c17a902a9a99b42e75ab6764e3184354e22,-1
23f3b944c0e3d9ae972a47bf0fc2320e26fbbda279175c059acf42d0fe0e0e4c,-1
5e51141be5d0ed89b0951fddd74166029c94718f401b6648059674f0c4fe9a56,1
e6e82c78dd0e99f6d1e86fa9757af2780218f08b11845286406701655c3b2e83,-1
4051126013ba7443c695cd7d18109f3f830cca43ca1110fc27dc4b1dc50a119d,-1
b3568f15271a3a75c37fd40f29510b506ee6f999d56565fab6d6d3ec023b6df3,-1
69d4df8be94b31c8706fdcae59b7f793a46f6810711b7f7ec7c7b6cbe9ccf165,-1
03e5c0f51a716396801c12ef020c5a49c13ca94c4baa202dcd2c03fa9fb7e45d,-1
87abb63e74c11dbd7ed9ab261b4bad753963ff7b056e1645d4275fab8fb92213,-1
39ddf56fecf56835a095b55f9d96ade6d3b52b81cdb36d6212500e9ca9ef9935,1
a64341242effd0cf6449f13c2c248b8187f2d86acef7389b3b9128b80c4d5d2c,-1
1733e9b9ded865fc68b57a0f2a0ff97fbac5a869c0048045ca17e847d3c60e1f,-1
fd57773ad190023c75c4b040509cbefedfbcabc1539bca04d6665b37155c9eb7,-1
76b690606353c95ea52b529fc7e440dd401cab819986be651a95447e73e8d3d9,-1
92297f26e26dddb0f4f4d219a5e3d7d6e72d26d2d22c84db36c7b7e2edc7188d,-1
0fd97ed700b95b3f3db58b16277bdfad7a13a5df8a7f76423a6cc119e3bea542,-1
1963561722a2fa8a9cb6c62e703a6c8a44ab6c50c802c86ad2063106c8be918d,-1
86f0ca14a4b55e86a470b996fbd5e97f6eddd1fb2926fb2e4dede61bb0e9c86b,1
8cd08f4f8aa35debf36e8a0978fbec8543c3cdb3188333c341bc7dec74d48696,-1
828ea50fc18fee14fcc249a29b042d26dd3baf252e3e2fa47bdd82b8f87b8d7a,-1
50ede1266ada3c2ca0c6c58ab1f544af6320f89f32f3b36738c0d3c8b6c75afc,1
f7ca6f87f0879dc0d382bbca7cbe8eabb86a78ad98212fed60b5de08d0fe40cb,-1
c9b3c33aa97192c9fdf7208f3ec6b927d4984d1b26b83d1e1803649c1d9d5a77,-1
a05f026dd2425176361f5fcc4cc11c7265c639405e30887f05387add37a2d2e9,1
89bac62b22e4a6f94f1e3e6e8632dd6f24e0c48bc185a21f12f9ef189c2a9af7,-1
df7bea4585da799eba17bbdef7ba1ce1e5bb3bd4bb3927d3d44483dca7db7f29,1
7e5b33de0c3dc7c696d022bbea6407a867abf23d33c51443f219f95810da013c,-1
88cd991853538b07f104c649bf2606d0db9e308bdb95448b2d9a67dd2cc85f91,-1
fd59cb4f05d0f23b3ca7744f2a95d248329460958ac3f97971f5607f3f5a7ca1,-1
a1ac7c5722bee2da2618a29eace5ec39f8b0f487f8816c2bea0abc7fb3d68819,-1
ae3203d7122cb72cca4af1f3cfef4962bbcde40b6dc2ed4f795fdf4d4fc393d9,-1
1880badbd12f357b4705826b790ee5443db6fe4a85d03874619695fedf423b5d,-1
096d4bcc162f5dac4a0b8e9fb335750fbd3cd99e409860ebb8b22f1146e2fe62,-1
cb168090810c34db27d3bf3108b4948a712b3a2f6772da0b477e03b71b0ba5b2,1
f375fe942cf89978d56671795338929b7a7d489e8e0cb21427846b56f67a7a1f,1
0ad65c65f7d12218a9acde85da4942d794f93d3bbb31f1c767e7497a175b337f,-1
718fd6c5c14ec6484f7ee7db0f048b293bf65f9597e58ef1060efebb34ffa393,-1
31650d7776456e87a31e6d29e9307cb4c328ade322f2d759909e3f44e9d8c191,-1
1271e8836f7d08079b73767f65f4b33eb680b2c0e727bcc792bddce0fcea34a6,1
7666eef00d0b817ff0fe56612155bd271a212283ec162b4f34783093fd2bb6c5,-1
3841e6b48283664104b6091c10f1c4b8f2c7e557e7d51887c6e4a257288b7738,-1
02a573e03f14a8d2a0d3373b6be7ad62c961006cec83938c9f01e8e793f9fccd,-1
6607a923035618c05a8c4f4358f9ebe5fa1440996fe3075451aef49a3c840eb9,1
a152ea523eef55d5b7621f8cbc8d702e6587537089c08cf84c89ca8a1c8b0bec,1
15c9ce4a3c420c1cc5fa6341800ba2908b5386db9efe70c73520bcd4ee20a133,-1
af9fd311222808da65dcbb78337ddfe4a4a7892e9c06d452177d6bf8843e2531,1
a2731daa97a548829fe4654b6853122c31ce8a97d64d694fab2f2ac977e32b74,1
369b8d548e4e034102e7816296c5dfe7eab6df22c0600db37e7c32004d4b7804,1
0bae72dccd39387733c1a0b64044f1b18c7607dc8182cd8e5987ee7727ecd237,-1
36f49cc35302fceb0bb05f682796304165be927f22c2281c8d2f4228da46e772,-1
5d69668ddd388c7322cb52c421e75692b769be9fd245e3b1a286ba4f8c561a91,-1
7defac5d442b83dea6ae019e9a89907271d5d30be53d8bb290aacd67c0bfe641,-1
900d9ea8283579592e1378648c023e28c0076a733bf3c06d43a41a8652a92c5f,-1
32c1325b597bb83d7fc4a150f3bd0f26209b6b6cd581bb7c168e81d786a07d89,-1
6252cf725a65774f3c8ce70734f7eb4f33eff9ef4e60375c2d33fead22f1aa38,-1
e4bc86b8003dd6367d718b887f3d54e13e8c79c2487e05e95293d852b06d40da,1
761bea38be9f84df2afdf4eddcc21f2ea533ea8c430fb2236545082e6a97a35b,-1
305f04ec5f8d3878860e0ae59f6351e63bd35f3e445db2e29924b541496d33b9,-1
6d387627a90d8cc4940071a41adff0c3504d44ecdf5ca86acbdf2857b718654a,-1
5ddc43e81169c6e05a8c00aae6305ab28b288e1f97ed063e5d6f17c2f897f070,-1
cb2f4f43ff0985c93a3f40b99a953e8325773c055a155626ed44647a87a23602,-1
393640ac8f848cf324c91eff0f44a486d3fdf388bb7ee4104c2a7806d067e5a4,1
d14fde1ae037ecde76c7dc4dadb8b2041dcce7fdbaf81991e63a89079f6afc41,-1
6eb2201277f9294eed542964df2370a50d68727891d518d485310a532f4ba85c,1
7594d9c7cf448d727ee0c61bc8db80b6f4d8d7e8269e700bf27de82f4ba14e6e,1
793cdfe01ae46e8908699f4bc450a8d71508c5947088d08ea97795c82646fa50,-1
95f3442b75533bbd36f12c18b66a01982165e75d43d95980f1197182f40bf2b0,-1
81ee39678c32fefe603568686fcf3cecc50cfe012e9525f2581945d70530f07b,-1
1c81e8a29d1498b5bb7a10ec1f46bbdb3856c972e61d2240c07a8a662283d612,-1
57d334654f5d671d2848c6c66c763cc84e648e7646acbd367693b6ed28bdfdd9,-1
cd45083ea9a338e1d4663628eedf654a15c26399ba20ec41814b0b0389c9cf7a,-1
a598548aa8d1b0576922b5b8dfbc2efb3aa9966950e1394dc857470d4f3d539a,1
60d6eae0b6507534bb606befacf3bb120b869b3a8c382e8e91e541aa592b9b49,1
15d84233f5e0b8d314518634298afa18d8073d56493dc1a422f47ca0ac2555ad,1
891f9ca05ee7a882bb5fc5e18988c28deca3282f56ede74bdea430da30a51d99,1
c6ac3d96c7a213b983760065af61417bcc05a9fcb5bd2ca9f3879a71596368bd,1
9a74e4dcb8ddc3509ab4c44514d902535e308cca85ea3d756c1629557f38b9ac,-1
9dfcebcaaf6fef10eb9659bf2918dfac648c6d1e749a9cb351639e2f96c2095c,-1
735c7b10736d5171c65a56fe01d26d9b149bff0e11450cc1415be68687efeb3b,-1
ab6f5ca1793c94c91e094a3903f8ab9090ef69a848e505e27078334eb7267bae,1
88e2302848b586ffe21b134d1046cba826afc3a9f01afd585dafc895e0416786,-1
17fc35858a4b1d0509d6ad3b22dd8c499f863d0bd657df6259736a9b1a10549f,-1
7936ab6831980ab5a470594caed179a43ec7a82b1645af8bb424d2768e4b5cde,1
2ec36566838f914a7e758c8c946fcbf8cbff1c00eff4f54406099225d1c72918,-1
ab7fad82021e0781bcb7e214f86a1ed0e7706fe7eae736944c592384e04814fe,-1
b2cea52e04b15d2c96fb4efe9b87df2127ad42af2814bf2eb9173edec8f7ae83,-1
4109aeea116e02ba558c349af4f942ca131aa244cb1bc5256401d162e0e0f03a,-1
6e70cd46a00129f5457e29b444d28160697164a150c1ffea1c64dc3cae000c5f,1
d664e3c4a4528553cdbed55e49e4845cf16fd8fc669e8a10772ef3b57c138d02,-1
e41ecdb5f30eeca386b4443bd7cfc53abbc8366e7b15660e6430228a3685349e,1
cf1b63e748f67c03169dec7682e6c081a911c7e29f1a93712507435b4a55060f,-1
a4d2543fbca6c1ad1408ad6ca1c0cbf588c5210ebfba14a9632c9f4345271305,-1
935f0015b668544a541293e4740c91e3a2b6f2944969990910b87c1d090b26da,1
1b49279616cc9c6a8c769cd3fbfc8416275b04ba8dfd308cfdf928526a517731,-1
2b568b1a99dd925d8123dfe6ff46e63809ae51365c68f8559f032905e7d91426,-1
43c756dc3ff17f721ea0fe22295078def4a1bb65a2fdc510aa56b49e42e8db08,-1
fdeef0418b53cf50f4f8d24825e7f3aa4dc2bcc97009b58c733bcd1179b83b6d,-1
d2adf15675748ea7dbb7d69c8fe5164bce468f3bf74a941fa1c694a47b31bb74,-1
ebd15109755a3dbd77a16523dc495256c6241695836c12bc282f8f5f76a3ea10,-1
021c2220d0e7e3b031ccde23081f02dcf1781d3ce726f51278c5b54f6b79f742,-1
e73bd8ad49a1b1c9a2453332165ea36370ab0079ece1d80f63de7e863c9d42a4,1
584a1ae9b63bbd5941639346ec43c9163856bdc00a5250a6e7315169156b7e3d,-1
1d2df9f77132c1f5a65ed62a2fcaa29e929f636054075bfd6b90ba4272e1804f,-1
d8ab1dd0863c34c96aba2d3ce745be47bd5589959a8e5a78264c1bd167c7b9a3,1
ef8f8b31211bacf7ac795ddf7f3e872ea20b1d23a998e82c9afce360062e03db,-1
2cf209f8be43fb58a3bb38f6c2bc20933611b4d9287c458d5a793e5ae2929805,-1
40b27e0d41b90a2eff814ec99c426c09c86a9762a3ef13fc0f718e3cbd03caf0,-1
c734d45762f9a1965f790d530653607e131e34303ce4b47936952b54901f97e8,-1
f3670a0974433a408780f44078dea33f44b101d86996e63ef4be92791b0a59cb,1
9edc2325a36965b98553b92475a45094868bb2816aa93d934c55395344cdb297,-1
5e65cea6ff2ffc0df8d8bd8e7af964a5384eaf96f24584a07e5f165f2c6acffb,1
5a1ba8f227d3d44cbed827835ca2e04145337c02c10451bedbd2c1e4634763a9,-1
a9a4a9b40011e44c930fd78eefe161200d29ec3703a1a9392346de75a794ab78,1
a9822b4f3efafa9ccf7f2420faeb8c5e5444a2309be0115b6958401ff3e3aad1,-1
3d946c7e7cbf8d49c1cc45195364b6c31637cd08930013a7433a5b175d3ede5e,1
09c3ee9170f9a9c0b0a6ea417709d32cfd5fac623f4142e8a0fcf1ee7dc60d86,1
231c8bccacf77497853f8dd9287284ff11958550868d738047f8edef3a26b7e8,1
405964d8a8782efbc02bb97e1e8dbc9d6cc7c6d8789713c72b5dfa80c1d73cc2,1
097421d6a7f53a4cc499148a814d2701feccf8ff990540e1e4a572a07349e8ac,-1
c85d03ec13305875f4ab68f2378ab0406df55e27507681c0c6dfa42211849745,-1
59482ba2261748efff5e1c1c0e29f8c063a4c2c6f3caa8b994c0bf53f8d6571e,-1
f8cb3019bb50d5b378dbb4f1b03267e86c73c3de7d8baf8ac6a779e772d3b0de,-1
1cf496a829f8cfa8734ca8565fc19b51c3f3f462dd2edd9be00486de80d09d33,-1
dba2dd6755647ebef5634cc2ee44cecc1015557bd9ce647e4ab7b7144a4b9f08,-1
8407f5ccb11c84b0fc9d95f38e6ad1657f2e66b3eda5aa7168fe17dd2f19957a,-1
bcc701df36b69d114f59cd78f6bbb3db3064896c7025db7669160813ec05ee7d,1
1f412275d108b01f6a6a819fd9f5a8c2afecd2f3e15ce2cf987bb11687ecb776,-1
071a3697497801399a6d29e56773608d08fd9e688550b13eea8829c7c6472d0a,-1
8b665006315adaa2f2e403613dac912b432f2660e76792cabf58e19dccfa637b,-1
55e0329d3c86c133701d93f43a5a1feba440cce6947a58536a8be1d6081f51a1,-1
5e289e3ae1c0fdb47d77e21c7f34bdff8d11c7e25e5ffbfb2d039eefe8257a90,-1
3dddf3da319d3ad402305fd809381651eff5e068fa47c8f0a971b6758512bb33,-1
487240c51caa38e569a2d624dfc2b78c8dd49193c92b563a3feb160b0e5c3ba8,-1
021c54db62260ace74886443eafdce894c2122c93f48d6115bac20b1df004f76,-1
94c5e2fd7e40c781614d3a8851011e184efb39ae2e163a7f4e48ebe1e453dbcf,1
b0c5c584e91f0ae137c6d41f88da449db9722176ee811d62e116814dbe332ec5,-1
5f766a162b77791fd624fe4e32031edac60f5cc8771098d7bc4cf1f832d00f1e,-1
83ec85995a71fd2bde88cc806ff8d0ed1d04dc59411f8cb6e6cade3b0fc13990,-1
8ded274ffe7db91d463307075d872b6e9285c5a2728d9088a10b128bdb94cf64,1
af1a8940019e3e74201e95d0d718f7fa51e67d49d1e9396b390f1697589d89d1,-1
4af0e87d438c8994e0454a9738e2c71daf11220f967d3e14dd74aa9916682560,-1
547e9cae8fc3643f8b3fb3837dee99769720c37959ed6fbe8bc026689101fd31,-1
2a7deb1a863f9a53d888412b83a7368abad32496ff33edeb6aba5a7089e5105b,1
4e179fd7e510c8b5e798fd04c92e81e56f977c8e93fc46f78ddb5f01f1cd9f6a,1
7e3ae3d9676cd5557cdbefb4377d457ee3edf8168f3d34f518a7ef01c883fff4,1
1b1d140355971a29e2d8b4249885bf85033e41797a5129c47a8ac1d1b0089edb,-1
0145340aa807c9e1ed48a37129af75ebbc1068a524a1693987f1dc3fa4abb5e4,1
71e3dfda890be817d60b7290ca295446c4d7a8cf9a4f27dfc64c1b659d06addd,-1
55da5d0309b92cebc15432e5382d74f79d757e6681afc634837c7ca44459125f,-1
c5dfecd2031ac4864d79140b68b88d07aec6185fdd61a540104fdd719abe9c1e,-1
54313c4ff5dff89df3f161039d86e684649953fc56109b827791d8d47fb3d876,1
1f0db5477c0ddb96d6456392fce9e3487c1d72c1329ac54ac9ea0ba1ac0243bf,1
098d7c9080b9d60b132eae51ea52b09bc1349d66706ae61b01256ac4bb0f9186,1
6fd241234f9a10d66f979939b578331991c0dbb52719ef0364be9e722dbc7c5b,1
b11b6403d5b8805e8cf3c9cebcf169cc8bd25f9d7219f9f56f3cf2c52776ba73,-1
80cef32b8f731aefea2f6fa8883557b7a1c55da6cdd8c135f3fde2c10d29fa25,-1
323b3a7af543a8f26d8289a13a136ad585848f92e187e7b1b5e3d53c89dc45d2,-1
5904eeb5627cf18cb6f72aefb6154bf6220a238983193d399ee259a92ea86137,-1
4a71b97cb4841350c3957fdf49cab30e58f35afd53a45555a2ddc279b8f40265,-1
6c241c1f95dcfd915833e7a86a052fbc0008d7afeca017bacdfb7ee84e44b401,-1
18fb2cc6dbf8d0adea24bb4d046a0e6cf54aae9e6abec59bc12246a7b9ff7042,-1
8623af986581866111a0c2ae5469a2ad2afc817072648fe08b543f2d14830387,-1
2b69f54651ca4e0cfea0a726fcb504fbe91cf7848a0d7a37d41c3bdba125f878,-1
0443c1f4fefcad2e5abf60afc3176949342c94e61057875175ddffe23f26a995,-1
efd0eabdd7cb23587b8839a94a6822fd6007ae217879a8c58377f583eb2f9b01,-1
ae0bd1591715ef64dfb127dbce3569a637be82a2c1c4669feef7860d133280b8,-1
b48a308e8a893d926e79ed05e66d2dde41f5c3b7308c57672f6bf1879a0631dc,-1
9d543f50463104ca050a43e04c68948da10a6425c56a238bb56c1f496b9d7c45,-1
0c8c6bdff913f0cc1b51132bdce26ef3abe92c743509eb220b8d6af3db2f63e4,-1
2be374cbad633273719af8cd366717e6782bc105ed8d17facf9e848187a68b69,-1
8791a0e2034b4b182a719da355910f6c18ae1cc47fcf9b3844d04ef1d85767e4,-1
7ebdc52e98f1c0c7994e1997f4d5a278f63b8c27dcb33956f02fd4a1f1c91d78,-1
b96070201b60f176d590ea3ac6977f392e4010d05f32e3fb2243c5ca32eba337,1
5b52813559eca01969ea59e3aea216984c0fb76a4557d95f561e8a91f5291799,-1
e7e466094c34a791a9e318881dba1bd2eea50bc34f1593831643b7e25da36a4a,1
6f0e11130eca9f57f689402f714f3193b828d95283ffdba5c466d77b35bfa1f6,1
501be0b0d23b343625f04d3a39948c746e69689d2e82096d00ee57b868d1d5cc,-1
f74723448cb28271b43ca62a387e96e88d70692cb759e5ddb2f5384240391b40,-1
24a0553d2b6e8fae1214a4023b9eaaa8d6ccd7525b540f06c1db3133ed3a8183,-1
8b84cdcb58667829e79a6711796103b3ace1d9fe1928bde63fa7dbb97fb586e0,-1
93a7786ec148fc04d302639c3f1302a8cd9abeb24fd9ad6bd167684843492969,-1
70809dac38e9848d92a03bb6f5ffd91839600981672b6c3eb94e6a41f240f2bd,-1
7a94f5fea20838403272abfd70f0630c813a0f02fa9c300d62af9cfe90c05d8e,-1
a99a4efd4f252af51dedc36b7b83f92906d79e2965ce847ea52beaf366b92368,-1
1ee1c01d465ab8769691380b5fd917ae4831563fd528437fa4c538687202b4ea,-1
843a35667008d922c00cfbfb12ce969af37cd815b4e091f6935c603392959ef9,-1
56011e1e26c7e8ee8f80c3d25779d0eff5b62ec1f28d6bba150537cbe6fd3cb8,-1
626cff2dc5946db4ce25270bf004f49ae267d46f59ad27120416bc7f5ace6504,1
79d87bd389e5468dc01f1b766b9953d6b14ef7f3521394118a60b8b332ae95b2,-1
fa7d0c7edd277ef562e424d91083ef63752f6184d11fe07e40a325250ea965b9,1
56862e2059da71b57b80fe44264f5a1aaf2eabce3e6566c6656c952786609902,1
552e443c140c2a891e4c4a866713e3d59cde44fec40d41252c4a51031376af49,-1
948b6b80a13da1cf0f99cb97bc08f77028ec297609c8863f9250c35dcc87b58e,-1
ad944974bbd68a92c1c47568080499bf6247cc3cc72bcb54c2ff643edc374a19,-1
f48b8e6a7585e305a8502f0ae13fbf08d2132bf929fc7253262d9dd4764fd3f6,-1
7ad45b6f1e3367900a3b6ae88bf2535a051d97fc802e019b3a98e25be8cdc91a,-1
e77a448f462da318edb8d5df41bfff274e6f6bede37c7e791e4b53358e12f0f2,-1
554f3493b7093a00db9a5612003120ddec38655bdfaf311ae5bfc41cbc3fd2eb,-1
d90110d199857b32829574951568f9eb2cfa0800a44e6dd6aff30ef6650f7a76,-1
f5366cc997c792586eb44c9f39ea1b8530a3830afa7567427bf4e7de53eaf0d4,1
e41b9404aa90ea5bb6e5c5a5b26acf83a59743f3d62f388fbcda64e35f479b24,1
2bfada0626245daac68eec2397bb183d15f5bc77a37afeb4f1633831237d4b89,1
c41c24e66e62654353f9918227353481c45cdd9cd7b3a14ff54632c772789041,-1
77a1e115f9fb1a493e7c7428ef784a5eca15dd68b02d908fa5085b0f8f58841d,-1
a7473fce09d2313157c1d0ffc1bdae731185c95bf80db0e4c8812c746c1c3d25,-1
8aa94054c0f76b8e96090816272d15570e30de270bdf5e0a06c79303c00ad3c9,-1
04ab398fd474d5e90d53403e9078e26a0a35d0550a152f42eaaa1f0d72c7f1a3,1
cc52f883313ec00cc8c0395eb06fd42eaabd92bb6771d54db1a98caa39fca339,1
b88b2cc7f596f5693060beb015d3ceaed8dd283d271bf4213d624d4be0351a00,1
b2ee9da53489897072167a27ad2734d4c2968abb6463421d1ea1d5ccd0a02000,-1
29faae54fbedb202bace51d80600fe843d9d23209b296a8a01d8e00eff3ebc56,-1
cf6a169c78cbeca6e3d3c326fa9ded591758681c8de34dea8b452ad7307de6c7,-1
b1654090ab0a72533a710414653b7d3e3395d78325fa2ced1d148d3221bff5a6,1
bfb00ebfae69d4f4e7d13468fb574ac7e51bc05a2c646fe3873b3f5e3cf30232,-1
8f2e93106d2d07ed11080ea8a0d7546d74876312b047f5e5331578c1f7eb0a6a,1
676c704d7f76d896612aeb0f17ee7de1ef7a0e50e6599170c7157e9e88307bcc,1
56233b09e7a63e0a4a3bc78f65f5b3f9baa7e1cec2572e32ad548ec77da475c9,1
cf034dbc8869890fefc322d4264b3426f74247b7959d01099377c4d657c534fe,-1
68ac0667627defffbdccc113bf61263d7e49993dcc9da5d0028208de7093efa7,-1
014e0593f6d8cee7a5ed4ca67dbdf69f791020d783c8ecd7eaed37b13ce08168,-1
6b19832009deeb9e6a716467640da3d1641c2fee6a8866014fbfd310b5dfc843,-1
f4f8fe7f577506ef46d903bacfff80970e0a616504baa4d5aa1e004058761537,1
1bfccb61bc40e33e6a909dd3ec44237ce08c479d55ac1e8c0e8e82e577ba67ba,1
a42a0b41903ed500ff37aec1906cb93f7e28be1ec4bdb0328bb5fc32fe145d12,1
be67b5affeef0484a3537f1548104862090f8a048bdabd0721061c5a15e137f4,-1
e0a9dc6e1b0901601eef8d81151a477a1e1eecd70925bf2a12ced98776a5fc8c,-1
55315df19e616e76f3311180b4a0bb6079dff3b5e4a7e367b3e120a090a4b06f,1
7db6aadb22165ed97d4458cb8b94c9e398d8fe4fa40d47e78563cafc3778b96a,-1
bb408db71a7a99d8eeb3487b2f64d7e8387aeffb39892d7f08786c441dc04b86,-1
9e7014c285d5c518c9de9d3eb515074daaa1d7c0ef1b2d327c14173b89dce438,-1
baf8f350c0359967edd83fca5e0b222621148e78f93b067e480742d51d62b8f0,-1
4a3bd73f9b4ac73b6a558a998ac061ee1ce82b6e5e36e82ad5d657a0d3c78763,-1
e4495ab7075cb69b5ea00b1f2e7bb17f661e2e1a7ad398a2e1df36eab31f8699,-1
fde1d87c9c0e009c185e7f37c958aa996b6485a16b9ac2f61912aa49ce64970d,-1
a577a718d643fd94a7bb53e23f16e6ba360359d9bc91bf203ffc239477c6ac05,-1
27827352e7b1aa175af503d1d948cc28fc3af034b822da188d0b5fe0c0b89672,1
c209e728b3657e82e995da6fd6cc1d251425c31c3daa30a4e4e6f1d3f1e6794d,-1
85e17d6a731f7937eccda0b704a46e666c54ac237b7ac1612c1339a7a88c62fd,-1
bb2ae4c499e9c44a40b8cbc91d3d068603161ccfd96e59c19e5edacd1d1b1136,-1
e957d3beebf0483a80c6233978a147bb7f2bfa870790a86dfe02ed5b48979c38,-1
a80bbfeee5fe6d9cae676003be08c49ff2c03c175851335363006bd1d67cafeb,-1
c227a3307ac94150ebde54f6c42d67181d6506a43e13fdd4a6058c8b0d007630,-1
7a91e6fc23129a689da26bbb402f28532f9bfbac3e6d9596e762f3e2c31c6c73,-1
194d21b40c5a06bb3c3829cd37b4027ccd0327b6a788d44a18df956644a0451e,1
390c968c77b56a3abe748e1ac1665b5f826ddc9b1930ba80fc11913431a8f566,1
db623437e6f1d39ae5f1a4493c7774d4f96ac8317675e6376065524d808b7c5a,-1
2e424108d7c61ab7efa6da862623cc0d63033c53e11a55891d02ac5ff4fcd1ca,1
020a03ca30453d37e28c9bd9d07b107f0a0d4cf54b1924c927d1786842602b3c,-1
a6dd28b8cbacadb66048bf04a38f5688606ee3d167729879a7c6e599652b5f97,1
6db0c6c1590ca475e77f1f9c18ce4d6eff2697c514326f6468046e6302d578df,1
e18d302bd24543616f48d71bb60e01077b99ce4d1e7eb7ce1ac7d453cfccaeb8,-1
88f185ffbc508d8d7b68ed8ca45591e4a9c5fce47128672f124b247c7e24157e,1
ce979b24d4761f99e95fc06b18cb82f581b01c9e3f1535015d902da1644aaa0b,-1
444895f859485a551483870e2d4cd19ceb41de845eb4c8c79c263bb274110633,1
3e211bb391b85cfafab0d6f63bab0a7f583467db09c25faed047ea4298fd8a29,-1
525594e927bcf089a467b0bd24d05d1fdaeb171f80807be44aa26c1b0fc7c878,-1
2005eaefb94b8436c981289ef6258a7ef41ee77a9e9f4cebbea5ea40bd6c0504,-1
7398a6705db82530dd66210272f039baa73bdd1b20984c181228ef26133738be,-1
7125575cf5183a1012ed699d81584cfb914ae8c6179df1b7977f2b26906a5406,-1
bc8ecea4b2751d1f281c001b15cdb4209a0375d69368b88004733089ab4776d8,-1
936443e1f374161fa7ad352a7b635fa8b145e9819ad11c27f990a262ded93baf,-1
2347b1ab7e58f40641b03f2c8111b3ed26effb618da375dd6c48baba78770b14,1
2afa52dafdef1ca8529d59ff7a919f10e0b9ea1e9e70c5bc3e303818d446f8a5,-1
94fb1f12da22a5989ac4a50878e94cbfb052d9d78eced0727f045be5d88c7ccf,-1
a0661992c409e84649ef71f84fec88952300b3022dd31c22643036188244efab,1
e3b0d023d0763301238115631d94b80e97a7ffcb7efcf28e3cd54b31afc1b17a,-1
0c0802424a6acda9c19ff5aaf7f16ff1c506f4b505c4b8d37f29432e64c802c3,1
bc90aae83bab52b164d7e71905366240ae8b52a456b34bdb35d0d1fdb24b6543,-1
66eb44f33f589efb774b1c21f4d9d0d730e6e01c1a4fd8070a3ccc4f0884bcfd,-1
1676e3681d22d6ab693ea0a6065fef5f7b8190ac68fdf4fc0a5d3d6533751b11,1
bb916222422300164e6247eb8c1c1c5f51633c5c3e2e809db3d69f206f237703,-1
26cc27980afae6ce869874585ddd8ba90331a855f6c2c905eb850dd3bf44ad3f,1
0fa4e92bb2356e14ec00d03fb8966e759f106526e2e2cd6d55c78aeec2ec8ece,-1
96b746311a87cde8776d1e724ca61e02d56e4416cc8811d0d292493c2556aa10,1
77fd7629391bf6a144aa15d392c7be4d4488823b0cf334f4ad6d2e6bb7fa0c73,-1
d42f64cf02ae2c0774919c2c757180a2fa8a4d5d8b0376c0064a9f21b446ec0d,1
187ab500c5f4fcd20dfc07b21a534428409c40f32134449ceaf21af8d4556172,1
1d5ad9c56bb7a750043d5fd765bb910381de771907a328f3562105960f598106,1
76546b8ad4ba61186625a9bd40fef9971446530899d88c00eed3a9f51d5bbcba,-1
1dfd2becdbab4ef13ba2786f7171d17d41b8bd5662104d1d388bb8dc110542b0,-1
7e08a3e903c6cb0242664a78ee24c696f075f8e0824da7fcacc847d358c6a34c,1
c870c3ab6d86d87c6feaeb48f674844cebbd9f2b036b02173bff982024e4e1ba,1
8302d5bc8254ab3ff9e53700716bd128ca1ca60422c1725046a3f145180572e0,-1
b62b1386fdd8970e91f45e4f60feca8ed254aaa460bfa0bda6f7e30f5146e01c,-1
81325d7121b6476c5f41b8e2fef183a5a06cfcc7cd292dbae5c9d30195f897ad,1
595dbbc0481bc412eda82eb129cf81922bd74d92f52df3c8dc63cbcfb33f8af6,1
561241daae89cfee7cb0b14e2c84e622a5387fe98e4a31750a853f76864d03b4,-1
01ad77032957403a2ae8c8927ecdd9baddd2404f27779fa7d825ec5b4d8dd7cc,-1
74e4d867b72a9fe153f610f0b8e07e9850a35ab7f9f6c0fdd4162b444732bda6,1
7d79460a9b1e416d5d61ac5c80c925994c5f47930bf442e1ec93e8db09d0d866,1
c553a27c9b685cf555b88b75a86b582fa0000c6eee079f4150681cbae92dd7c5,1
a1fd0ec2b61e9a1b11caeb589c42e2beba8b8de3dd2aa4b48764b3394a832336,-1
847d790fbb21c53d677c9643308ea5c2cccdb9e8a6fde20bff9b1efa6d65e113,1
3ae59af94e88c97c709e4c11ad544d13c8c8c4dafd13e720a0be937fd7ff7416,-1
01261da95f257ab4f4170e4b0d54a331030831811c786a4313a3c3b75dda3f1b,-1
32edd6391ad8fd7ba03aecae571130105966c8183c84bb31de222d0b2b13dc01,1
f854e0c8d0813164497063b564c2b1b31991cfc54fa920592b18a1161fade251,-1
11068b5d3528805c739dc7c9660acf9278a2bc7593ed5eaa1cdee3ea6c256b48,-1
07e84c4226639fe429fe36b0355922f06f06c1deb72e4502ffd0455494f96d53,-1
2e6ecbb83d7eeae81d80c78020f870580389261c91a6ae7070c7540c7ccfe290,-1
ed8e44e6ed7becf09e1b528fd0208ac84fed8b3f5078cabbddeec3ec163db82c,-1
745e397458650b89aecbd3ca5fef54a3f8012df68be669f5618a3448303d80e4,-1
b26c541cb396136a2f26a60cc073227e3c8f227b9c0eb27861ed1e4212e9155c,-1
cf96c5ace577034655de35659dfd2058cde68e3e0c4e876240aeb25cd0ebefd2,-1
020d5e1f169e1ccedfa21970042b11fb1137e3f1e852d0b6080b13efb0480dac,-1
7b95336fedbb670cb6ae7530a245b5822d1aac79db3627c6eba6be927c074e3e,-1
6f044326fef4f0345cdd1a6a630070b5bb40ee95ee10555bc9a005425daf3bed,1
441e8cc229527bcc25f1a173cd9f13f1ef3a5b4c1a2f0c037738ca048a30fc6d,-1
a9769ebbe1b98215a09cdfa7df361e43e45e055b96932f278d6bd5cb39193ec4,-1
2265349643fd6234eec5dcb73d532ba96dfbf4e1cc10f83e4aefa8fec9b4bfcc,-1
af5630ad87bb7a5145cedce519c226c1c39023c5b81f80ebe0a0aed71b2d5cb6,1
bf6dedb02733e4ccc9f548f6e8eada887c298d082516c4f77c5b703431af0746,-1
ade380a9dd7895a2eaaab632ae9fbb8230c32926621582b17e0d7938460f8557,1
8ecbfd3d9b456fc2a716802dc687b3e72a1e3cb6bf9e692f03b3d412c88dd506,1
bebfa1706ba2aa21919d0ffa9bb043725467ea0fba2612112e7e42e88e0c7950,-1
686078494cbf074aa7c0664a5e61ff52f2f12710101f10a1e9a8c368edc1b7c2,-1
e3d4778158d1fe09eb1924da06ba97d90c402d0ab5c5d392be7686a47f01f0cd,-1
cc322f73125a4f12b4861cf92470abef9ca48c12f58508f4bb40111ef1825c53,-1
bd3ca0cbd83b1d77fce3344a7d96f5092e018a93ac4369bf9fd25ad750040dc5,-1
555b541a7abf4c2a223f4724f704e6777cc9e33a9c6cf9b7bd9e0078e6d5ebe9,-1
ad53968e2bef7c383734e37f65b41617d7b8bf57a37d24e00cbfe10b45aa8ac1,-1
eaa529f6ec38ddd68ab49187c081e39584da3d47da1f7c592ba417396e656f4e,1
593a26b1a702b32e2dd7c2ee6abbaefb47d4526ee739eeea5402be3001e867ef,1
98ce3a4f569240503155ca01f7bcb94180d3f994386a3eca2ec83795ed556055,1
d32af6a7a6679c32ab58ed79a0b6a1324aa9f6791d97f6d745a218d913b95961,-1
22c4d2f315c3faa7031246525680d297fed0037e19ba33038ff89f633b954770,-1
e94ebc40818cd23ee5fad6280302a6e6bbb9ac96fa4364375ccf2eb50cf8463f,-1
c86a1db15e787fdbf16b219e956039fb37699412ac751f44ab0d6785d21344f6,1
aa21b47c74c3f18018332dfd6c5994767e7e5829b1e9a5da130cd0f7224fe2c5,-1
8daa574540d5422987ebf09d2beba2b4478cecd50f7462e39a01ef2b3ffb74e4,-1
e81a06cf792e25a009635f9d88a042fbbc5c934bd511fdaec4e4bf2e50b61ffb,1
55a9a287c5914841a26bbacf023546ff75d68896585ed13dc36b6136f0611c3d,-1
18322ab869006ee1ec30cbfae2562eb3c1560d8448265c89ed5fed642a425893,-1
d77aef469c61ae02c881d1a821bff3aa54b4754baff678a16010bad5cc8912dd,-1
af4bc9596b6cca377382e902d3698be8f96dc056e1ad6836f54f13c9f8054279,-1
38bd8516a93edc835627bc379f7b6c95b57c2512be64fe7787274279d90c2d75,1
7f54c4c2ee3d1e48b364d03d999bdb48e9385b4703341c197cf777dfb41b6a80,1
78ce37cb887cb512ffaee03b53ba31bf16014cafe9ed0c26a7b3f761ef0b9257,-1
8ad36749da2358cfe39b065e0ef54a9edc57ce4b6bc23e0b4b4a24745d101830,1
cfd4b87aead1d1c5c437443498add8e58c3e65db1316f4feeec6ecb0842b8aca,1
e26fde4cc9f2a8368c4c9c9df3a4a6e6719fdf51f36500a862b3ba2306d6cbf5,1
10bd68e17326aef3546d12bd8dab0ff473f67844c9431d3d7f775643aed5766b,1
1ea5b0d2030d800dd28bb5c65344fe9d0f2d54755b8a303efb02db0ff4b1c2fd,-1
512e42e47c128931ba8524254e392710f718053544a2ccca90917a582472bc48,-1
776dd93c38820dac6f94664c2b924ebdcd5b632537979a30a01994969f0cbad6,-1
b75ea9195c7380757bc58fbff574ec078955341876bcd03a1179eeeb055e6ad5,-1
78307f4e6327afca0db6d977665a281961dd3565daeb441698cd6051278d6051,-1
967d9fac780d91e6b325ab3b7dccc6c60f8341743f04083944afcf74ffb267c2,-1
e2c173fc0f55cc106bdf346087a2468beff87332c987b31d88c59c12c4bdf2c7,-1
f142ce840cf1389ee6efe388e7c134580189f2cf1fe83ecc560ed8e0a35ff9dd,-1
90a656dd220621d28694bdcb28fbf5278d9b9819fda1b2267961f8d0d97773a9,-1
a85c9830d0d4a279e46f80fc97b9ff27557271aaf9111d9893958b77f28232b4,-1
ef3cad12012c713d5ff448c0b7583ad79a3c3d48a32e6df8ead3c3395bea65ca,1
ae906c55963dc0df2a16024bc1c561b7a29a1653db3eacbbe4274ce5e8ddcf11,-1
9ad4ff488c452a44831971deb36ef8d704dbd4617672c18b55ba14934f526492,-1
45c98deabd66cbc609cd1583a5f1eaf4057ad139a754998977c0a5734bba690d,-1
9ec4d907315c608805d2b5dc8286c947a0d574a9cce73123c20eeba6ffcd9951,-1
6c45d61da95c192a07b537c4c453f611ada2ee7859a163ae7ecaa5dd1c137cf2,1
2432f0bbd1a0c9775c0ee9104a1acfd62156cf3613cd29b5be97013455261770,-1
9d3220aa2cb9475d0335b8a7e95bfa7c83ce1270a58361549f0cd1c98cbd45ff,-1
e102212811acb75a6bfcca616ce270c58351d524214df27ccdf0839dbe8fbd96,1
8e0760860d688209adca0f396450f7c6e45da0708caadbc8a864ea36f505a2e7,1
b02453942a97ad6ff42a86ae36cffdd28471b8e0ab7712d22391381f2e6f23f1,1
4616b2191bd5b643ebaef8a624e2d29f8466313ff6dcfbedefb8672952a2c2ae,-1
1e7ae7faf2df8846d9433870e3e172e6f89277cf2255d5e42ec3a95372a31c7b,-1
89b3b54ff03b5ff5afc3c0324560045fb63238c5be23d77f058758bddc288ae1,-1
62e53c572d4efda8fc64447b59680e4fef754fde09b7b9933bd531d451473ad3,-1
34036893c6ce0af691b5a24581dd133873a72710ba131a65b03d5d3d1fb2dd98,1
30e3a7f37357b73d8ef45b60d1e6cb14d30c1e786246dd2beb2eab91ae89da0f,1
0d2bc0eca66968325cd75a173778c908ae45e48dd30a8884941a34b7a9aecc05,1
3441cc4188c0905a13ece2e69b8d49e994180516c7416895b8e0dcd34b12274c,1
cf0b6a2a732bf1a07af39567412a67a3c9991a76ab4aaf886e8788908572e352,1
8b1546192c9ccb91ad6217c409bc7866744e9568bb1d8ee7ffe9670c2f4e471b,1
a860133008b6c6eab5b8181dea9e74a4eba73f98c2eed030818605de83831a6c,-1
fc30fa282d51d52536065816c4772c108b1fde590bf8e5fec702feb4bf2fe90d,1
d2e2bd07d2fd1138ad5e9995c642a2e0eb38c09dbd754095222805571094a68d,-1
b8b949ac9ca5970e4d91239db93f2d9d2e93dca2d67b95db72a52b53d0db2c55,-1
c2aa8806f8b9ad800dfa0ef6990449cc5e90fb2b0e6896f0f170e0e148991cdb,1
6475926f2359df69442eb622b979c230a674eb64059246e452792c07c2fa2f90,-1
d6e4e8df1f7778ad016964016492e33edc6575f38ae4f9e7e438c6f49f340e76,1
f864ce66c544881e02795526d7a56db41e0a8e20a0280bd4b1f42b6047f77e7a,-1
e75061c00b038f4fd8a28bb3f893e588d88529f2b91a1f513b5ab02f90e78ade,-1
a94dfa07b2a443a67717299d5317441e2887f804be76765aa97f44b92d46a9e0,-1
42b7b93980a7e47ef2b33de1edcc21514ab5f71170899072a86044a81667f43b,-1
7c22e2f407a8f792226a41f67b6ff2c4952365434cc663c668d74cc8bb8cd4e4,-1
f63da7e64e3abbf1971478f13e64c368e5f827ef823d5043f65be532f000dfcb,-1
f745c04f9694eab251cd272d170082baca930968b16adfea1aaeadbb0efb2a4c,-1
fc3aab7645cf7263e9f97af317406f697327dde02c3ea3f35655309c9ff62794,-1
756fa3341dec44d1ecddc897cc17d8f7e5748b5166d5bfe76f2be90cfd2a00e8,1
3cccb8de5d4ca89a76baf8cbef3f865a8f6521991e294421591da79032e7da33,-1
5a7d2a3e7bb138ea748628edcefd8c21d430d05594159f84c9823dd8a3cb8799,-1
da63d18e362fa0548aa78e6cb0a472c33638fb43187ed8db12fec33b464f7deb,-1
9f6bc3996b5b4b8211d4bd00a4d4231eb36bf3f245153c185a06f0e1e71f76a8,1
a949e2cb25f6a4b5d9e96e887a0fe3e259d96960759e25ba700ef57e834ae72b,1
5e0aa4a8d92948173967830dc34a7d9eb7ab80fce76a459c94ac05af98e3b23b,-1
008d028d6e033428632ab9dbefdd46d54e8ffa6798f57045860287a5b21bc71f,-1
e1bbb3bc6ebdcf4ac213149d50a361742370d6b630863d4071bc6df8ddc92904,-1
be65a2f238f885c984a8059d5aa984ff991ae61f5dd170911b07f9984e24bd0f,-1
33a03a55e4e8da4f90acf785671dcb52ad24b0408e73f9216bad15f6e5f26c9e,1
a9fa828da7c608c495fefab931333794e9ceaec67d504c51f3ec5db025dafd7f,1
d4aa71eb089b00969194ee97e4e52410742e2bc32b5c53c0099f7f1cb810dcb5,1
9d2f591ce2266cac0dd6f38a9236b0c49fbb6ccd4d99a7a50cf5f65d8741da42,1
7d593f1eba07e2cd3302d90bfeeb79a06a88977a0a857d61f13f4a86d9edafb3,-1
0c7cda2d6dad08b0e8b252674e98d4ba807d5c39e41255ef40e409d5d5ac18c1,-1
038d661d38cc26de48905331a5299dc9d37dd77f6555bbb42b034d1606cbf6b5,-1
8889d81b723a414d82dacc3a8bef8ead596d62795019fa818ba0dc4ec0619dd4,-1
6bdf10231b1783d72a1ecd57fbf2d29f93951fac5bb7d95f7d515a044fee46a4,-1
5b77be255b9982c700b44285631528cc74f20dbcaceb29cfdb94f22c1fb2dfb0,-1
048d83717448dc3454a4848ccec4d15fa05633e03ab8ff88ba098d7500b09818,-1
dd2c147fe16b42e4ab79fa350b80f29019cb8915de5dbebbe55beb0c2dd82302,1
eb14c04df155c6fba476344c29d59966e1b4dc950f11c4371ec624142f5d1fa2,-1
adb629fc588dc4c48d6afed98c3acdeaf2c094cb99cc21e4bce4ee406fe23383,-1
225bbfef78e2cbec872170c770430202c809c1304bbbdfef4db6796e4e554cc2,1
1a10dd83e3484288548e7f36be6e26fb64cae41b354a31ebf8b1e3b3edf5b316,-1
9fb7b6aa9a5d3bf6eee763ff851d41d9bcdd59555b001960a40ab36c0b1b906f,-1
d87f562490d51941bae20f6ce9947ca79ac8caf33af03f19e370d9401c02464a,-1
69fd9fa57375da3d6fd9834f4448df353eb0a60cba4f31735fa6da0c70722af8,-1
01a27fbb12b8cf83abcd401b09acba0643560974e82e5ff07bf7233cdeac8f3c,-1
79341a9cd9f2e297d03fbc0f76002ccd45aac77a503a8103456ce5164f06ccc0,-1
68b34254a1bcf591dbceb1e9f1778cf48c888e39d5aa2c54bdd18265f47cefbf,-1
6fbb7f1dd50854fc162e56582f05cf2737de873f8ab4668cbc82de7e04e3fbfd,1
a401c46b99270974273d134a4dbaf75059e2c05ae638a75a4c3c2fec098821b4,1
0fb9c8c9c720ae6f59cf4e42d69481e78aa39271aeec8d2c5a835e1edc6faea2,-1
00e2ef64eb4dbe9045cb767fea003ae321c05cf83c3f46c10fc9259cd5c51d16,1
d1c00a054e696c092ba24bfa3bdf09793920be6cbbc670f845995fbc366fb115,-1
0beef37e965cef628336cd360740be8a90f2065700022bf72698db9e5cbe324f,-1
fe6a866c724f4ab234dd5d4d71b703107998edc8e348efecd71ff2df97637436,1
bfa12f73f65a56401c931f0031a5ce12478fc501632217ab0bc2464ba58306e9,1
35f445b178486bdbf5c25b635bee60fa7b087603af216731fa205b4ccde0feda,1
81b7211aeaf7c1264a2a357e020f6900d5b8b02506a6544436f1eb78927acb05,-1
7c3e1c2afe3515649f597f61e69ae2ce502791d02d444761ad81a151c2f77012,-1
13f74cb5439923d4f2a5fb1575264f6e332c48b0fb886e23cbf5d631ee16b84f,-1
c6befa15e9d9dde57dabebc9cd6e33534b40bdcb0aeb7f385aab71d82c0a4b74,-1
2c3979a80f30894bbc6ebb67b29104cde3432a9c9b5cc1157ec9a05f568c5302,-1
fb3665d0e8e2de8026884f796f931ec988caa32c2fd8de7bc7b3b2a630287ae2,-1
e3178f00dab1fea55233a6d122f730bcd155d1788a0e8e391ff6d0fb76c88bcf,-1
8c166243a392f59cc38396315a6d86d554a4b8c42bf7db0b590bbf4489b8a687,-1
e3f17980a6fc2049a06806c8c7611fee4669e2b8968d80396521814abaf8bce5,-1
e3dddfeeb1e53d6aa7b415ed4e55e8f5e56798e8a142a9f58b1b872cbac2f1fe,-1
9f56c4b6f3b7767f6f7ddf87ab7daa1ebaa91bda94d9fd51325572018abc6a36,-1
9cab5571196425ced1def5bc3c1132aac4f0107614b788bfb60dc5c801f43062,-1
ca27149909b47fe7848ba2c86eb67bd9d6b3f457e2b7eee320ea5f0fd4e9dad1,-1
aba65c293ae37cd11feac3d04743f059251af0748bcd72e50947c6cd996123aa,1
f7187df4eb9a4d03f1d4cd2851282d38e443b2a1532ef80545c5f9849288e257,-1
3884ca1137e4838f055c4db0c001c3c76ca7df54dac5052ad23b07235abff2ef,1
f7188784b944b535683a3ff51e8713ca898db51af0c76747fe4b0c3e62a44ac3,1
06ea5b6b744327c5a94d50dde70548e05f9cc78f82817b3db885ec8e036a60a1,-1
3205c72f2ed42dede6d5e41f995f0f758e7bfa13989a2ad78766ffd84470d550,-1
7a3f624a91f0efa1a937e7d6ba99efa5a4f358e44fdbde6d32eed9ccc1fee018,-1
080f8b2c53659286b1d762a4450740fe598f9073e5c403ed79104057add5932a,-1
8c34ef90aa0a8292a2e1d6905683dcbe16510180902666115d686350f13cc8f9,1
57bb1b3e3f1cf4a50529cbd1cb33539607174f71b3ba362a64e45db7de459b12,-1
485ecceeb154c88aeb7c833183d4a850bed3752653a8c112646ecf692bb75010,-1
02773f228f56e6bb9e7ce3f63f5c93530dc31409257dbb85912fe7477b147b7f,1
8a89376ff0a13630965bba90c18917171d69d32c6d526546e65e0a7ac2d33384,-1
477ff89ed27d7c762514ca69cec4e4422f5a572cf09f299f90bb58904087be8e,-1
38a6fad02d29574d548d783e812c154cc01e01e211ce9206c0ff555fef80b436,-1
ebcdc857312f7ee77ccac1f450d29cc00944336fc31d22f85adab6d33c046b0e,1
9c9f81400d19ce38eb6fba4a743fdbb89a2e0f265ebbd569d0cf56347e7bac8c,-1
2efae24a5eb6fbf70e7225ef6c64b890c2eecf12b338e7d9ba66c83fda1d02aa,-1
9f35f1ad9e5e86b82c41dc3f189fd5dbbb2c4425ec2072d7fc447ec2da8d1537,-1
ed37406d7bc70d99c2222434a6a84bc916fba2dd26ac9f488596bc2a99e614c1,-1
06b6605fc2da6e7a10016b1dd0515f4cfc23ce4296fa726cff8d4f4f2bb27547,1
d8625f698df9c694b36d38a090629403dacb0b24f770db6f80077325541cef76,-1
f1dea4f9fb7eb02235e0eb58374889c5cfdb52e75915ba93c75bfed248acdaad,1
00d79b89f708c1983946693024e75e0fc8b6697a8bcf96d72538f08715f80a66,-1
e82f2796832df9cf35cd4d022506425419e33c351325ed55503874b189121968,-1
453372f2c74bdac5a4e89bd96c46d5f2ea4502b26368489c6ed80f83bb1b6233,1
6eb1d81c4053c25a6bb970518465ebafd28f2b39b11bef469cc83d1bce779637,-1
30efb5abdafdf0cac6fba129c663aa4ff301f670d91f0c484314c2d0759b3e24,-1
58554aacd1eda49c24670bc3c3f03518ef6eb3ef7e5694ef1546e664bfde13c2,-1
42caca941799e884cf8b4168a0b1f09c4ab6c6bf97b968ce2709a4f78b66d2e6,-1
24716305d0976cb3f03687a575ddf251dbc8f761635e236297ccb9e3730ca4de,1
46c0c3f8eaa7d0e92df02c3929e39e8abdbd0a0bdc577a0b000fa194e0142b9d,-1
e9767a91e77da2048e04012bfc3149aeee0029a78be6871da346adcf446cf0e6,-1
922674b56227dd4bf167bfbaff70afc73f1cda6b2260f453108db8601772b9b9,1
7f90739fdd9826234a2bee0a690e6d512dbe63343a8da984c0e6d1a683319675,-1
2f5bd2c2521ab7b7c84831f7d54b07b0da5b3e2312d94b5e777854a4cbd817a2,-1
0771480cfd925ad1a006b7a60d8641c424c19d685a3ec236a281caf9cf30ed82,1
8dcc85edfc4f2a5a7b406bc8ad93957fdc6ae713c44696efe2c817947b3d635b,-1
e2f4c417c0cd82ef333f497db56c86f360e1217dcaea75244e8c92081e46e2d2,1
c592c6f854a30a2d041028b994bf566650e52084c8007d5d699be3ba7c04fdb0,1
769b6a2395074401c4a64e909d1dbe39065ff757eb6d44b1803a040db90c584b,1
88a575a6ec22721e8b55d9ab7a041634f809d838b6d24e36849366609e5663eb,-1
e92a646d3d9ea651d0e42d04a7c4120fa99b2ae3d3997fe512af219cbfb65ad5,-1
e6221a517e33fe31b3b5b3f020d1de0870a06e89b7ff82315a1352b73aac5444,-1
9d66327ac0aa3d96d7ea88fe6548533e43b7acf79c7496a02aed499a67fe237a,-1
989f81526428ec7078ec27009b2c486f5d4ea045236949dc343f969b0dd49baf,1
a0e6bddd1aa7ac0154bffc22098ccf7d6b7ebe305916889aa522d5f2ef3cada1,-1
72f95ac08ea60b699f644064ca29b24446304e00204932d3d07337be3442abb6,-1
89cde5f6406320c4adbf3b32de7d9d20fab8aa85261f6d8a16aa4207448939da,1
cc8a9fcf6e3a2f7fa545dc5b6d64c80efbe9fab8456348dba116d75cd371ad28,-1
1c92a97e1264b7c1b3fa68123653ee6be12090671e8dcce0ef740b86a46d55e7,-1
2a86c5abd21388479ada62a1800a6748d5ce9d206d12e3fd231c79a9a455751f,-1
ac5c3c8fa8348ad169e57dc0e31532dd7c46d345ac8fd53b2239192cc6d1eafe,-1
d994adb34a2c54600ceb60bd3ab213f8617e4d300740b3bca88df60e7cfd7665,-1
51eec898168340aa21c7a7001522d12e5c923242545a0a55c4182131e3d40ce5,-1
4010519261d5f41bf63f34c1e993da56b254310c1f826db33711d040ae4a4374,1
93c1b521d174cb90d704d30be1552a1cb852b7ff630407c41b5cb907141f1a55,-1
e24a68b8a8ab77a3a980fe4f61b6d1390cffd58f61a3ff492cfd8a93b2c9843e,1
5de11891e9412fdf426fa3fa0489a01cf591900949c07c3d07441fa2dc1114da,-1
9b487fdccab8b9993313ec446eb5d0bf0bcb0d56f7e4f3a0907366697ef4d260,-1
efbd16cac98183406ba97544d9f6488aee40eec14bd6658a1ba5daee7090be14,1
f2497a3b7ec09cf0877582281d609a2baf8ae6c5004102c75ac590204b4d1502,-1
38948d43f6f553853cec8b4b7679cd93d9ef5887c8a1db9f000a5c2eea69c914,-1
80cc559a1f551fc58d72d262b2974147e7dd1b064802fd0f840bd5b5867d1aa3,-1
6666cd756d8f9a1adb58ae7833574da89c35c2304097a483d85e0349ec23a6ca,1
aa5dbbd3091ca5a793763bd0e337c6d87c769c92e925dad037a3eec01ac4fa32,-1
3c245f1aaf640dc035d95a903b0e573134c376862dc40f3c8bc062978f273587,-1
e53b055ce4b2fcee2af7ae28a5ae6c2de3501cabfbf8c6ebcd9ba533486c0daf,-1
0c8b8f82db9bd01b55b10a9ec7424e9411600a16d93d624fb72edce82f822a8c,-1
dfbce99bd92f9c1dfe3a6229d01136d4373b3e91da43882bd9d3886677c45311,-1
251821546e9381bd31abab40d9feb8858ce247a7bb2844a4714a69e2c351392a,-1
3e7d3982e94fb6ec72b4a15765c212f45d1a87c48b07c53c1f848309116b0332,-1
c47721e331279a1064450ed870fd7be094cbc5f1de40171e77b8baf76999f93d,-1
63faf5683723f9902f1b31af7f623fccdaea5f65a6b92170baa034c45617dfca,1
8d4b59e8b4bbb882a37bce9dda7586de3f63afeb289d4656a1431a85b300df46,1
1eb413cc7dd106db06a20095ddbeccfbd3d4b9d75d8b2ab9b2ab81d34c7987bd,1
e7e56d822b4704de4c1ca8867415f5f254f7bd0649515137e21dff9f1bd2c583,-1
297b9d626a4449bda7a385541e12f6bd413b6ed0d000cb7778128bbdf764844c,-1
e16e191fe58d2acf21420c3322614c69d4838bf2941753a5760ad873dfad219f,-1
57c3d776825907b0383cbd62315c372246290af14f2aeffdae5bfbf549bb6ff2,-1
e58a3b95adfee4fb2d37b9a983c901dbdd466a41c9c43329e9da9f2e1f59bfa0,-1
8c6f3f4fc76e7c794f724059d9eb1d8e1e6a220e935902fd1dafb84319ad647f,-1
f983f1469bbe80891e72290a806538d97f94a535ab84812f33b63f5030e70c88,-1
f4f86014924fde75a3da0eb5ce49e021ff897a0ead31d34cfbdc93a750928c80,-1
dcd35cf8ddea16ac6429bc43ea8e8a1c91a154b04677c76fadc5ff9985990059,-1
28ce81cb2ed81afa07347f04955b612f8e37e6692332c5d178c9a55e036ec914,1
69c9b40f27b1c92814ae4dbcba1b826665d89b0897d0c5c216ae854e101873cb,-1
1323caf6f823da343bc895a9f368d802cfa5bf414c9da6167fabe5b7e7abd06d,-1
0b6b7241ee2314cd1d17b296d0a37e858cdf194c588a0852f82d08a6971b8816,1
185ded02661a550b4e16789b0de3c15cfcf76158e3c81c0302006f11fbc6d268,1
dd495d7aeaa20f5e343ab5de29af855a3029b6cb993dd27a541f39d3a01f8b66,-1
2c0a32b02cd2d194b519bba00769cb683db60ca8dfc5a2f352f48ee06fdef3e2,-1
15f6d3bd7dec4b58ff3c622305551abe1fd0c6a6f020774fc45b1a6bd4438133,-1
09af93e1ed92605d8a0732fa6661b6d3c13349b43885a78aea997be6d9185717,-1
91a4076c60c08a236da0aa51bd8506cd7fe0742ce0a1018f4ac35cc79dd95869,-1
5a652656a7e823fdf47005960c24b75739e2aa87bfaa2c4bf102ab951059a04a,-1
2881f131fb88a74dfb6904fcd138ebd380f4683eb7bd081d4549323bbf5cfebe,1
7dec262eaf8a62ca9946014e8828e3861e42efc8f82541c913741ab41700303b,-1
3b265a6c96f3c64ab833b050cc1a030de44d4e88a6e3f94997346b2812554da1,1
e75fb6a3135b7ed6d2b3bc4e8410dc90d0130554530fff6e3734b171e283b420,-1
33a3a0a32186a925aa54ab3f407e820f57b6ccd724912a7c7d945c4c1652a5c3,-1
80d65d149cc9d7d6141f7b48102d73777f51ff1cdfaa253f9ec7757df943e8dc,-1
6ed231b70e89eae9869210823c216d48c3c926f17c1fcc96c7d2c967142b375d,-1
4a52f418114a390ffd3cb4faed5dbf53331219b482c0ab70a24fe9757d3e9fc9,1
793876e54ed2f8ca7ac4d3e54fee1e77b5fca3b671c19e637c2afc498bcd37ba,-1
89d12df0a4128b922f160a6777f7e7ac76e3d26f14322f37801af7d027aa495e,1
746f2a2dd28c9166daa82ebf9b905d0214eb3bafd5db98647315e1dbc9d04610,-1
ea4e1efec119f465e77f282e288bc30b528c5e8e9b7dcbaf37d79472cb039f92,1
ecb5628df29d47a50672204072e3d85860586c0088f29532676e206ce1ed174b,-1
0c4a5cb3043e681c05b59d8b1abb603468db5028be4dbf2bbe15ac9aa8466d32,-1
85b0574c25daa05f899a134cae719e958d5f4685667910b66c022e43b413fa49,-1
813940a10de17af9e1b416a76edfbb278f6db9e8806d536ba5c7fd60a20638ca,-1
bd2699c4eec6288704e9e358d4510e0bbdb5cd9297c10ed78b09d1da2d61c183,-1
e9b01326d6f32aed5eaeb4a2300cb6b292ccf7e03311cddab390a014c0f2c81c,-1
3c4eb51ec80a777b6048c32ceb822927e37660594e3b14247eb0fd0c92efe7b4,-1
1aa5814e93ffb7404a2cbe6d315212eac8104259fc3185f2c3a56a5798ce73d8,1
99c8718b6dc95ec6987efde849b6e05495e171047afc829d9d6624354532db2c,-1
1ae680b8cdbea2b85ea1fa81fc0d71a4bc63c9c590cc799246e90f9628468929,-1
93fe82f736d1d0b3fdcd623fad890e371438f4c9394b507ee683308918779913,-1
95766c7381f2fbfaf99803f178858e9240e2235ff477e693c43c4befb67cb05d,-1
d16dd6544611346faebdb86f37362679883149d645a6514aedbb8a3a2dea053f,1
41cbdb784159cf97694c221ebd557065d696f9ccd1a29088e374417d45bea5d9,-1
6e8b3c458c1f3c3670e693a922e8d61469de8293a4dba76a95842ed55db2b315,-1
84dcb68ee9e299f8c8548bf6b28676bbe0253dd6ac619d7eb617e757ea3aa779,-1
1327e6f15c73690f30970a9a05a976ee1c8e4f6c762e139b4ac8434fe1097d21,-1
bd0bf8e25bb4cfde27ebba827ef3a8a6458bd0c3cc91747a861b9e92c7e84ca9,-1
d9b9c1140a3e168c578e145e9db7881b7165bb7ae6c24f1126c51eade3f6b10b,-1
0fde0b946e7ea99dec7afd5460fbd13c001f30b8449d4831c8493bdedacace46,-1
03718826ca2b98f948c664abb72b79acbb8d4fe83b93e63974903166d51b5d3f,-1
259bca51f1e145d35c24c3a17acc6fdfa6967d179eb2adde81fcbda13ed151de,-1
2177e25be90f36080151b9342126646925c55d648a20364ed451439d5ab760ec,-1
492d76b3478009c24d287ed49b1d9e0abf0b6d534d83b0f5b007ebf913fb218c,1
8e20e1c2d38b2f43ab8113f18d1d088a8f854f8df42de03eef2ba26534d77e92,1
6e87de9163e49132dfa3f80457747531cfac2f907dc57a05e8c52c83a685f4b9,1
bbcd185e0a90ca43b5c49f299b38958d8740aac189fb3cd00e3f678b78f355c8,-1
b37885336f91a6fb39dd7d8ed8660288d8abfb903ef679d0ceb4cccd8eb23da3,-1
afe78850ec2e815954220a9e9977ec536096b34c5857a2badc0e0c8091e20b17,-1
e87ccdaf648d172579a92f47147327947744e7581cacf9c0e51b6888cfbdfd7f,-1
37eef3be1a9000499dbeed47b8782f4d2a79f63473c02eb55690b4a22c51df85,1
f0e8284dd07ef19d16f32e1b6061ea92f0cf22c6a8a17ce3e3045f4745a63f4b,-1
2d29a4fb98034ff2417bfed95d4e69ba968c7d3179f23c8e3ea41cb61228dcf0,1
1504ab22dc51025b35b98c87b296ac25b4d9bd7031d7a2e1376eee16574c5aee,-1
2dc5f52c71747d05d21a387ccbd3097ff4fc1b5975879adc093575cc64cc60d3,-1
0303767d1672730330433dffa56d3554860e38d6c088b2ed13438b9ee0f7b4d4,-1
d96bd1c03d9bf502b1eff6b3b16305883351cebbc91bc852b18a2d390c9455e4,-1
380e69f178727ed2fa7d716bee532b10402066933a96395d82117480b993760e,1
6e7fecd159477d55f0e20621cb060c573a2537113190d4918335a0b92548ef7b,1
